feature,rmse_model,mae_model,r2_model,rmse_persist,mae_persist
bh_mass,0.00073011103,0.00017210175,0.9551904621913527,0.0007660609,0.00012862838
bh_acc,0.0068525816,0.0012201957,0.3784753134655705,0.009030935,0.0013271763
stellar_mass,0.12250628,0.043165553,0.9815436491282858,0.10498474,0.02923222
sfr,3.862635,1.1354785,0.8290634461504158,4.701309,1.1223456
halo_mass,8.236231,2.6177988,0.9314539329932112,5.005921,1.4520729
vel_disp,6.890704,4.527442,0.950728640460491,6.313291,3.3641448
