subhalo_id,snapshot,bh_mass,bh_acc,stellar_mass,sfr,halo_mass,vel_disp
308706,33,7.5479125e-05,9.323732e-05,0.075348824,1.712979,9.101615,75.01677
