subhalo_id,snapshot,bh_mass,bh_acc,stellar_mass,sfr,halo_mass,vel_disp
120316,33,0.025845882,0.002173341,3.7311428,6.052951,114.910736,175.60243
