subhalo_id,snapshot,bh_mass,bh_acc,stellar_mass,sfr,halo_mass,vel_disp
275671,33,0.000110026565,0.00069193303,0.18086079,4.7335014,14.972937,90.20582
