subhalo_id,snapshot,bh_mass,bh_acc,stellar_mass,sfr,halo_mass,vel_disp
163100,33,0.0013537683,0.009198543,0.88553655,20.603045,43.155243,129.2893
