subhalo_id,snapshot,bh_mass,bh_acc,stellar_mass,sfr,halo_mass,vel_disp
202148,33,0.0014434992,0.008720364,0.832201,19.350798,41.32774,126.32064
