subhalo_id,snapshot,bh_mass,bh_acc,stellar_mass,sfr,halo_mass,vel_disp
373468,33,8.880714e-05,1.0688265e-05,0.053014636,1.0506971,7.488322,69.90991
