subhalo_id,snapshot,bh_mass,bh_acc,stellar_mass,sfr,halo_mass,vel_disp
268364,33,0.00019408838,0.0011248004,0.24060714,5.802302,16.41333,93.62427
