subhalo_id,snapshot,bh_mass,bh_acc,stellar_mass,sfr,halo_mass,vel_disp
400402,33,5.149236e-05,0.00015962234,0.0017565042,0.015054941,0.35621452,33.800667
