subhalo_id,snapshot,bh_mass,bh_acc,stellar_mass,sfr,halo_mass,vel_disp
145146,33,0.017551579,0.003013473,2.194939,6.030554,68.170425,151.97159
