subhalo_id,snapshot,bh_mass,bh_acc,stellar_mass,sfr,halo_mass,vel_disp
225880,33,7.881693e-05,0.00025653292,0.113728374,2.9958234,12.053711,82.211754
