subhalo_id,snapshot,bh_mass,bh_acc,stellar_mass,sfr,halo_mass,vel_disp
312831,33,0.00011249696,0.00012321956,0.08847417,2.2327197,10.938775,77.33463
