subhalo_id,snapshot,bh_mass,bh_acc,stellar_mass,sfr,halo_mass,vel_disp
92343,33,0.0024347254,0.004598158,0.6523049,8.876257,21.1436,102.72232
