subhalo_id,snapshot,bh_mass,bh_acc,stellar_mass,sfr,halo_mass,vel_disp
185131,33,0.0014553941,0.008170812,0.81192005,18.283222,39.21289,124.9874
