subhalo_id,snapshot,bh_mass,bh_acc,stellar_mass,sfr,halo_mass,vel_disp
221475,33,0.005218745,0.0069163647,0.90387344,10.531321,28.608765,113.00577
