subhalo_id,snapshot,bh_mass,bh_acc,stellar_mass,sfr,halo_mass,vel_disp
340636,33,6.486851e-05,7.5968564e-06,0.053075187,1.1402959,7.6967525,70.92914
