subhalo_id,snapshot,bh_mass,bh_acc,stellar_mass,sfr,halo_mass,vel_disp
13854,33,0.008358822,0.01243574,1.4976212,16.115343,37.775253,125.351364
