subhalo_id,snapshot,bh_mass,bh_acc,stellar_mass,sfr,halo_mass,vel_disp
270709,33,6.3193846e-05,0.00046189944,0.1470524,3.9510994,13.6050415,86.97071
