subhalo_id,snapshot,bh_mass,bh_acc,stellar_mass,sfr,halo_mass,vel_disp
330898,33,7.1123155e-05,0.00010515412,0.08108141,1.9051145,9.546143,76.424286
