subhalo_id,snapshot,bh_mass,bh_acc,stellar_mass,sfr,halo_mass,vel_disp
164373,33,0.0058386954,0.016984966,1.7346414,28.580847,61.144653,144.03616
