subhalo_id,snapshot,bh_mass,bh_acc,stellar_mass,sfr,halo_mass,vel_disp
278918,33,9.915614e-05,0.000549426,0.1607007,4.0907564,13.709152,87.46463
