subhalo_id,snapshot,bh_mass,bh_acc,stellar_mass,sfr,halo_mass,vel_disp
95433,33,0.00010967319,1.6754318e-05,0.055669844,0.89599085,6.9207816,69.41823
