subhalo_id,snapshot,bh_mass,bh_acc,stellar_mass,sfr,halo_mass,vel_disp
178313,33,0.0017745232,0.007815896,0.82168007,16.71332,35.282852,120.7977
