subhalo_id,snapshot,bh_mass,bh_acc,stellar_mass,sfr,halo_mass,vel_disp
156165,33,0.012566796,0.012738082,1.8623592,16.965145,51.594486,139.40454
