subhalo_id,snapshot,bh_mass,bh_acc,stellar_mass,sfr,halo_mass,vel_disp
90689,33,0.0182317,0.021815248,4.5580616,41.28765,154.17781,182.77539
