subhalo_id,snapshot,bh_mass,bh_acc,stellar_mass,sfr,halo_mass,vel_disp
106280,33,0.0068007475,0.023067681,2.367644,39.657043,86.25107,158.35889
