subhalo_id,snapshot,bh_mass,bh_acc,stellar_mass,sfr,halo_mass,vel_disp
218760,33,9.701689e-05,4.591694e-05,0.063032456,1.2405626,7.937934,72.01774
