subhalo_id,snapshot,bh_mass,bh_acc,stellar_mass,sfr,halo_mass,vel_disp
212443,33,7.1987655e-05,0.00022286939,0.10476743,2.628049,11.078679,80.259224
