subhalo_id,snapshot,bh_mass,bh_acc,stellar_mass,sfr,halo_mass,vel_disp
206964,33,0.00053273106,0.0042241313,0.5065916,12.460366,28.251167,111.33063
