subhalo_id,snapshot,bh_mass,bh_acc,stellar_mass,sfr,halo_mass,vel_disp
128360,33,0.014025389,0.020571252,2.7465813,31.805685,87.01734,159.5597
