subhalo_id,snapshot,bh_mass,bh_acc,stellar_mass,sfr,halo_mass,vel_disp
240622,33,0.00012673094,0.00014543836,0.09093499,2.1432152,10.567739,77.045204
