subhalo_id,snapshot,bh_mass,bh_acc,stellar_mass,sfr,halo_mass,vel_disp
239918,33,0.00032687755,0.0025332011,0.36898673,9.276474,22.434357,104.50561
