subhalo_id,snapshot,bh_mass,bh_acc,stellar_mass,sfr,halo_mass,vel_disp
280042,33,0.00010570453,5.276175e-06,0.040025108,0.7355417,6.6503897,65.697685
