subhalo_id,snapshot,bh_mass,bh_acc,stellar_mass,sfr,halo_mass,vel_disp
315157,33,5.3185853e-05,0.00014652859,0.08962763,2.232142,10.172162,78.48589
