subhalo_id,snapshot,bh_mass,bh_acc,stellar_mass,sfr,halo_mass,vel_disp
252273,33,9.215702e-05,8.620846e-06,0.040872045,0.8915764,7.172117,66.60121
