subhalo_id,snapshot,bh_mass,bh_acc,stellar_mass,sfr,halo_mass,vel_disp
209559,33,0.0007508836,0.0042267493,0.50007737,11.990079,27.563564,111.50132
