subhalo_id,snapshot,bh_mass,bh_acc,stellar_mass,sfr,halo_mass,vel_disp
257844,33,0.00013178802,0.00069163926,0.18329555,4.6276417,14.800652,89.43152
