subhalo_id,snapshot,bh_mass,bh_acc,stellar_mass,sfr,halo_mass,vel_disp
61636,33,0.00013506287,0.00023497769,0.10433878,2.2396722,10.134779,78.25039
