subhalo_id,snapshot,bh_mass,bh_acc,stellar_mass,sfr,halo_mass,vel_disp
279471,33,0.00017793238,0.00081787095,0.19761288,5.1221294,15.966818,91.82013
