subhalo_id,snapshot,bh_mass,bh_acc,stellar_mass,sfr,halo_mass,vel_disp
36839,33,0.029700592,0.018754609,8.727746,51.448883,289.0977,251.86911
