subhalo_id,snapshot,bh_mass,bh_acc,stellar_mass,sfr,halo_mass,vel_disp
153395,33,0.0013804047,0.0061154244,0.6147624,13.846737,30.619446,115.786156
