subhalo_id,snapshot,bh_mass,bh_acc,stellar_mass,sfr,halo_mass,vel_disp
210736,33,0.00025735673,0.0019503298,0.30003107,8.30324,22.769474,100.699936
