subhalo_id,snapshot,bh_mass,bh_acc,stellar_mass,sfr,halo_mass,vel_disp
326831,33,0.0001042966,9.953859e-06,0.05007398,1.1428442,8.05297,69.14212
