subhalo_id,snapshot,bh_mass,bh_acc,stellar_mass,sfr,halo_mass,vel_disp
161942,33,0.00010795775,0.00028862804,0.11771459,2.7754977,11.226231,81.31076
