subhalo_id,snapshot,bh_mass,bh_acc,stellar_mass,sfr,halo_mass,vel_disp
337947,33,8.2651124e-05,1.2176752e-05,0.053900912,1.1405525,7.78674,70.52123
