subhalo_id,snapshot,bh_mass,bh_acc,stellar_mass,sfr,halo_mass,vel_disp
123392,33,0.013242981,0.021957634,3.1723547,37.18821,103.170395,160.38617
