subhalo_id,snapshot,bh_mass,bh_acc,stellar_mass,sfr,halo_mass,vel_disp
256729,33,0.00011509811,0.00017061783,0.09355344,2.1979818,10.453562,77.55882
