subhalo_id,snapshot,bh_mass,bh_acc,stellar_mass,sfr,halo_mass,vel_disp
214460,33,0.001087581,0.004788446,0.57492673,12.489605,28.603203,112.47865
