subhalo_id,snapshot,bh_mass,bh_acc,stellar_mass,sfr,halo_mass,vel_disp
163461,33,0.012808763,0.013240421,1.8764682,17.107641,51.58335,140.27798
