subhalo_id,snapshot,bh_mass,bh_acc,stellar_mass,sfr,halo_mass,vel_disp
258732,33,8.123543e-05,0.00067105074,0.17815872,4.7447867,15.005948,90.02138
