subhalo_id,snapshot,bh_mass,bh_acc,stellar_mass,sfr,halo_mass,vel_disp
254495,33,8.669379e-05,0.00035779082,0.1291888,3.197698,12.060295,83.118744
