subhalo_id,snapshot,bh_mass,bh_acc,stellar_mass,sfr,halo_mass,vel_disp
310172,33,0.00011143819,0.00019369903,0.103089124,2.6445794,11.71043,79.62873
