subhalo_id,snapshot,bh_mass,bh_acc,stellar_mass,sfr,halo_mass,vel_disp
271226,33,8.679158e-05,9.449961e-05,0.07831681,1.8837149,9.7503395,75.79825
