subhalo_id,snapshot,bh_mass,bh_acc,stellar_mass,sfr,halo_mass,vel_disp
301375,33,7.381142e-05,5.4809323e-05,0.068769686,1.6201013,9.047829,74.2418
