subhalo_id,snapshot,bh_mass,bh_acc,stellar_mass,sfr,halo_mass,vel_disp
344270,33,9.801512e-05,1.1178781e-06,0.03662067,0.6856353,6.442541,64.55853
