subhalo_id,snapshot,bh_mass,bh_acc,stellar_mass,sfr,halo_mass,vel_disp
98194,33,0.0033669437,0.007236274,0.93846583,11.677165,23.962978,108.235825
