subhalo_id,snapshot,bh_mass,bh_acc,stellar_mass,sfr,halo_mass,vel_disp
286226,33,0.00011097503,0.00062321,0.17194341,4.44253,14.4919815,88.784035
