subhalo_id,snapshot,bh_mass,bh_acc,stellar_mass,sfr,halo_mass,vel_disp
307362,33,9.221048e-05,0.0002916517,0.12272104,3.2192504,12.621868,83.11465
