subhalo_id,snapshot,bh_mass,bh_acc,stellar_mass,sfr,halo_mass,vel_disp
217868,33,0.00021102001,0.0032923678,0.39010346,11.2676115,27.013184,109.78681
