subhalo_id,snapshot,bh_mass,bh_acc,stellar_mass,sfr,halo_mass,vel_disp
218700,33,0.0011632568,0.0052126395,0.6102731,13.238475,30.140415,113.33449
