subhalo_id,snapshot,bh_mass,bh_acc,stellar_mass,sfr,halo_mass,vel_disp
264923,33,0.00012062487,0.00026784634,0.11674628,2.8845296,11.950487,81.19914
