subhalo_id,snapshot,bh_mass,bh_acc,stellar_mass,sfr,halo_mass,vel_disp
341541,33,9.700016e-05,3.732799e-06,0.044664964,1.0581189,7.8017015,67.86848
