subhalo_id,snapshot,bh_mass,bh_acc,stellar_mass,sfr,halo_mass,vel_disp
89906,33,0.013301632,0.02887499,4.1303983,52.39843,142.29156,177.94727
