subhalo_id,snapshot,bh_mass,bh_acc,stellar_mass,sfr,halo_mass,vel_disp
317199,33,7.131955e-05,4.4648652e-05,0.064332016,1.4636042,8.5971365,73.30137
