subhalo_id,snapshot,bh_mass,bh_acc,stellar_mass,sfr,halo_mass,vel_disp
230747,33,0.0006948421,0.0037374906,0.4661376,10.767537,24.396729,107.69266
