subhalo_id,snapshot,bh_mass,bh_acc,stellar_mass,sfr,halo_mass,vel_disp
184769,33,0.00069775,0.004400321,0.52686936,12.873572,30.966076,112.2735
