subhalo_id,snapshot,bh_mass,bh_acc,stellar_mass,sfr,halo_mass,vel_disp
192654,33,0.000115535426,0.00033561123,0.12899745,3.0024686,11.619548,82.6261
