subhalo_id,snapshot,bh_mass,bh_acc,stellar_mass,sfr,halo_mass,vel_disp
281868,33,0.00015763196,0.0006973707,0.18313643,4.452074,14.292019,88.942924
