subhalo_id,snapshot,bh_mass,bh_acc,stellar_mass,sfr,halo_mass,vel_disp
264267,33,0.00012689937,0.00067043427,0.1796082,4.542775,14.612731,89.23962
