subhalo_id,snapshot,bh_mass,bh_acc,stellar_mass,sfr,halo_mass,vel_disp
268836,33,0.00012276086,0.0010628516,0.21785894,6.256122,18.203846,95.74835
