subhalo_id,snapshot,bh_mass,bh_acc,stellar_mass,sfr,halo_mass,vel_disp
42553,33,0.0002936414,0.00085376645,0.20485379,4.6227493,14.635955,89.35081
