subhalo_id,snapshot,bh_mass,bh_acc,stellar_mass,sfr,halo_mass,vel_disp
342116,33,7.8233774e-05,6.634777e-05,0.07358509,1.7722958,9.470414,75.24802
