subhalo_id,snapshot,bh_mass,bh_acc,stellar_mass,sfr,halo_mass,vel_disp
323725,33,0.0001145924,0.00024680572,0.11024986,2.5644355,10.947653,79.92858
