subhalo_id,snapshot,bh_mass,bh_acc,stellar_mass,sfr,halo_mass,vel_disp
242372,33,0.0002933996,0.0020922115,0.32917255,8.346177,21.098463,101.4563
