subhalo_id,snapshot,bh_mass,bh_acc,stellar_mass,sfr,halo_mass,vel_disp
340249,33,8.425719e-05,1.882558e-05,0.05516778,1.1414614,7.7584796,70.762695
