subhalo_id,snapshot,bh_mass,bh_acc,stellar_mass,sfr,halo_mass,vel_disp
251026,33,0.002060265,0.004149032,0.58190906,9.038891,22.42563,104.25944
