subhalo_id,snapshot,bh_mass,bh_acc,stellar_mass,sfr,halo_mass,vel_disp
309172,33,0.00021027845,0.00051868765,0.16383728,3.55979,12.751984,85.46626
