subhalo_id,snapshot,bh_mass,bh_acc,stellar_mass,sfr,halo_mass,vel_disp
395705,33,9.302716e-05,7.9371966e-07,0.031890728,0.61286306,6.067647,62.1335
