subhalo_id,snapshot,bh_mass,bh_acc,stellar_mass,sfr,halo_mass,vel_disp
147599,33,0.00018422268,0.00057369383,0.1664055,3.8372355,13.238762,86.22088
