subhalo_id,snapshot,bh_mass,bh_acc,stellar_mass,sfr,halo_mass,vel_disp
192147,33,0.00026465248,0.0022049777,0.33687514,8.72238,21.948978,102.47701
