subhalo_id,snapshot,bh_mass,bh_acc,stellar_mass,sfr,halo_mass,vel_disp
354282,33,8.0452126e-05,5.32018e-07,0.050649583,1.028625,7.4269686,69.730774
