subhalo_id,snapshot,bh_mass,bh_acc,stellar_mass,sfr,halo_mass,vel_disp
89389,33,0.00010179024,0.0,0.024988413,0.011040688,3.7686677,56.591255
