subhalo_id,snapshot,bh_mass,bh_acc,stellar_mass,sfr,halo_mass,vel_disp
345938,33,5.0920964e-05,0.0,0.011710331,0.0026695728,2.7559328,48.850067
