subhalo_id,snapshot,bh_mass,bh_acc,stellar_mass,sfr,halo_mass,vel_disp
111320,33,0.00031793257,0.0014958219,0.28193384,6.732086,18.053097,96.8784
