subhalo_id,snapshot,bh_mass,bh_acc,stellar_mass,sfr,halo_mass,vel_disp
268889,33,0.00013876116,0.0008059846,0.19764775,5.0067215,15.316807,91.31121
