subhalo_id,snapshot,bh_mass,bh_acc,stellar_mass,sfr,halo_mass,vel_disp
303739,33,0.0001482495,0.0002672589,0.1233163,3.1344814,12.964093,82.08013
