subhalo_id,snapshot,bh_mass,bh_acc,stellar_mass,sfr,halo_mass,vel_disp
96354,33,0.0023967335,0.00918358,0.95282054,18.419506,39.704792,125.19295
