subhalo_id,snapshot,bh_mass,bh_acc,stellar_mass,sfr,halo_mass,vel_disp
84093,33,0.020861857,0.0004083181,2.336776,0.3992579,71.032646,154.80176
