subhalo_id,snapshot,bh_mass,bh_acc,stellar_mass,sfr,halo_mass,vel_disp
198256,33,0.0010789915,0.008317411,0.7357751,18.383636,36.898205,124.548584
