subhalo_id,snapshot,bh_mass,bh_acc,stellar_mass,sfr,halo_mass,vel_disp
354649,33,7.617977e-05,1.7994724e-05,0.054883465,1.1742951,7.830868,70.92102
