subhalo_id,snapshot,bh_mass,bh_acc,stellar_mass,sfr,halo_mass,vel_disp
298371,33,0.000111933856,0.00020258524,0.10466923,2.679987,11.743206,79.97832
