subhalo_id,snapshot,bh_mass,bh_acc,stellar_mass,sfr,halo_mass,vel_disp
259135,33,0.00012396881,0.0011646077,0.2330887,6.4399548,18.152863,96.18388
