subhalo_id,snapshot,bh_mass,bh_acc,stellar_mass,sfr,halo_mass,vel_disp
284071,33,0.00014095305,0.00029896467,0.12747882,3.2035027,12.887866,82.6897
