subhalo_id,snapshot,bh_mass,bh_acc,stellar_mass,sfr,halo_mass,vel_disp
301848,33,9.843829e-05,0.00010389916,0.07833507,1.8109043,9.56581,75.237686
