subhalo_id,snapshot,bh_mass,bh_acc,stellar_mass,sfr,halo_mass,vel_disp
255619,33,0.00032154148,0.0011195139,0.24255633,5.5640764,16.34133,93.45712
