subhalo_id,snapshot,bh_mass,bh_acc,stellar_mass,sfr,halo_mass,vel_disp
236598,33,5.961457e-05,0.00024220598,0.10856962,2.7463894,11.211943,81.04046
