subhalo_id,snapshot,bh_mass,bh_acc,stellar_mass,sfr,halo_mass,vel_disp
334901,33,6.959372e-05,2.8289563e-05,0.06252202,1.4722353,8.735453,73.20295
