subhalo_id,snapshot,bh_mass,bh_acc,stellar_mass,sfr,halo_mass,vel_disp
349445,33,8.10397e-05,4.8277492e-05,0.066848256,1.4817778,8.650586,73.552536
