subhalo_id,snapshot,bh_mass,bh_acc,stellar_mass,sfr,halo_mass,vel_disp
161116,33,0.0051089143,0.011750725,1.2476429,19.283592,43.143383,128.33719
