subhalo_id,snapshot,bh_mass,bh_acc,stellar_mass,sfr,halo_mass,vel_disp
260500,33,6.729577e-05,0.000106879685,0.08056979,1.9711976,9.782484,76.58351
