subhalo_id,snapshot,bh_mass,bh_acc,stellar_mass,sfr,halo_mass,vel_disp
291229,33,0.000105674495,0.00038555826,0.13789283,3.4978294,12.945944,84.590935
