subhalo_id,snapshot,bh_mass,bh_acc,stellar_mass,sfr,halo_mass,vel_disp
141721,33,0.009685908,0.017117813,1.9651679,25.908424,63.362183,146.65024
