subhalo_id,snapshot,bh_mass,bh_acc,stellar_mass,sfr,halo_mass,vel_disp
61233,33,0.00012478486,0.00014914828,0.09097443,1.9705501,9.752086,76.82329
