subhalo_id,snapshot,bh_mass,bh_acc,stellar_mass,sfr,halo_mass,vel_disp
192464,33,0.0013110032,0.006963297,0.7357855,16.23935,35.294636,119.675644
