subhalo_id,snapshot,bh_mass,bh_acc,stellar_mass,sfr,halo_mass,vel_disp
144473,33,0.0048445784,0.011281092,1.2528487,18.3238,39.894547,124.63306
