subhalo_id,snapshot,bh_mass,bh_acc,stellar_mass,sfr,halo_mass,vel_disp
13218,33,0.00010154571,0.00025277346,0.107128456,2.459549,10.439318,79.58273
