subhalo_id,snapshot,bh_mass,bh_acc,stellar_mass,sfr,halo_mass,vel_disp
285500,33,5.1998184e-05,0.00021331414,0.10452612,2.7717774,11.44808,81.16413
