subhalo_id,snapshot,bh_mass,bh_acc,stellar_mass,sfr,halo_mass,vel_disp
397118,33,0.000112030684,1.2463133e-05,0.046919413,0.9689615,7.4599104,67.61085
