subhalo_id,snapshot,bh_mass,bh_acc,stellar_mass,sfr,halo_mass,vel_disp
255786,33,0.00024102218,0.0013299251,0.26480567,6.4656153,17.747246,96.02846
