subhalo_id,snapshot,bh_mass,bh_acc,stellar_mass,sfr,halo_mass,vel_disp
270152,33,9.887238e-05,0.0005009243,0.1564738,4.1675863,14.332399,87.466064
