subhalo_id,snapshot,bh_mass,bh_acc,stellar_mass,sfr,halo_mass,vel_disp
162586,33,7.0025824e-05,0.00010602275,0.07959258,1.8488917,9.359779,76.10299
