subhalo_id,snapshot,bh_mass,bh_acc,stellar_mass,sfr,halo_mass,vel_disp
189697,33,0.0008135234,0.006324572,0.6487787,16.326841,36.521904,120.48287
