subhalo_id,snapshot,bh_mass,bh_acc,stellar_mass,sfr,halo_mass,vel_disp
299113,33,6.515946e-05,0.00035443951,0.12930195,3.3577137,12.432894,84.22595
