subhalo_id,snapshot,bh_mass,bh_acc,stellar_mass,sfr,halo_mass,vel_disp
215129,33,0.00013647781,0.00079770735,0.19433951,5.4851055,17.27587,92.502655
