subhalo_id,snapshot,bh_mass,bh_acc,stellar_mass,sfr,halo_mass,vel_disp
255314,33,0.00010814145,0.00050179986,0.15394177,3.881913,13.395665,86.49783
