subhalo_id,snapshot,bh_mass,bh_acc,stellar_mass,sfr,halo_mass,vel_disp
310099,33,5.6620862e-05,8.0045545e-05,0.075678,1.7981449,9.2761345,75.810135
