subhalo_id,snapshot,bh_mass,bh_acc,stellar_mass,sfr,halo_mass,vel_disp
322405,33,0.000106542604,1.5656755e-05,0.05144812,1.1579723,8.075428,69.23757
