subhalo_id,snapshot,bh_mass,bh_acc,stellar_mass,sfr,halo_mass,vel_disp
245530,33,0.00033982142,0.0010210644,0.23637459,5.3263535,16.342106,92.13164
