subhalo_id,snapshot,bh_mass,bh_acc,stellar_mass,sfr,halo_mass,vel_disp
38614,33,0.0013904317,0.005446711,0.6681416,12.32827,25.701435,109.16055
