subhalo_id,snapshot,bh_mass,bh_acc,stellar_mass,sfr,halo_mass,vel_disp
228194,33,0.0009560528,0.005343632,0.62067175,13.54315,29.227844,112.70239
