subhalo_id,snapshot,bh_mass,bh_acc,stellar_mass,sfr,halo_mass,vel_disp
370603,33,9.317338e-05,1.9693398e-06,0.05165495,1.2099046,8.221602,70.06806
