subhalo_id,snapshot,bh_mass,bh_acc,stellar_mass,sfr,halo_mass,vel_disp
191496,33,0.0032260998,0.008738803,0.935387,15.344023,33.132328,118.432396
