subhalo_id,snapshot,bh_mass,bh_acc,stellar_mass,sfr,halo_mass,vel_disp
312861,33,6.336649e-05,0.00017279602,0.09618735,2.565409,11.236693,79.69724
