subhalo_id,snapshot,bh_mass,bh_acc,stellar_mass,sfr,halo_mass,vel_disp
69290,33,0.02731902,0.0015434434,4.346753,9.284721,142.59282,188.88376
