subhalo_id,snapshot,bh_mass,bh_acc,stellar_mass,sfr,halo_mass,vel_disp
10761,33,0.007624857,0.008778071,1.2085867,11.906829,32.137165,120.26207
