subhalo_id,snapshot,bh_mass,bh_acc,stellar_mass,sfr,halo_mass,vel_disp
270594,33,5.926538e-05,0.00070213375,0.17680341,5.0675564,15.787506,91.504654
