subhalo_id,snapshot,bh_mass,bh_acc,stellar_mass,sfr,halo_mass,vel_disp
45513,33,0.00038109135,0.0031833625,0.41374043,10.383008,23.827015,106.72952
