subhalo_id,snapshot,bh_mass,bh_acc,stellar_mass,sfr,halo_mass,vel_disp
55899,33,0.001186374,0.0042292546,0.5401927,11.070432,26.198631,107.78945
