subhalo_id,snapshot,bh_mass,bh_acc,stellar_mass,sfr,halo_mass,vel_disp
22755,33,0.00046930386,0.00093710585,0.23405257,4.1900225,13.320747,87.886185
