subhalo_id,snapshot,bh_mass,bh_acc,stellar_mass,sfr,halo_mass,vel_disp
142353,33,6.3256564e-05,0.00064565276,0.1684563,4.537894,14.373134,89.399796
