subhalo_id,snapshot,bh_mass,bh_acc,stellar_mass,sfr,halo_mass,vel_disp
195718,33,0.00025984924,0.0030015185,0.39121684,10.640947,25.679817,108.327545
