subhalo_id,snapshot,bh_mass,bh_acc,stellar_mass,sfr,halo_mass,vel_disp
345033,33,9.59773e-05,3.2480457e-06,0.042179585,0.80428755,6.8144627,66.72093
