subhalo_id,snapshot,bh_mass,bh_acc,stellar_mass,sfr,halo_mass,vel_disp
314316,33,0.00010398761,7.231778e-06,0.038066946,0.5722666,6.0059404,64.47661
