subhalo_id,snapshot,bh_mass,bh_acc,stellar_mass,sfr,halo_mass,vel_disp
277964,33,0.00017828564,0.0010550724,0.22920272,5.6828284,16.31169,93.65532
