subhalo_id,snapshot,bh_mass,bh_acc,stellar_mass,sfr,halo_mass,vel_disp
163493,33,7.4776646e-05,7.829571e-06,0.053768806,1.1160274,7.638277,70.7451
