subhalo_id,snapshot,bh_mass,bh_acc,stellar_mass,sfr,halo_mass,vel_disp
266546,33,5.9381942e-05,0.00052022527,0.15408008,4.016067,13.348,87.53014
