subhalo_id,snapshot,bh_mass,bh_acc,stellar_mass,sfr,halo_mass,vel_disp
308445,33,0.000109813176,7.4443524e-05,0.07184656,1.7565223,9.822949,74.033775
