subhalo_id,snapshot,bh_mass,bh_acc,stellar_mass,sfr,halo_mass,vel_disp
182445,33,0.00042613366,0.0031846236,0.423828,10.584266,25.24089,107.91011
