subhalo_id,snapshot,bh_mass,bh_acc,stellar_mass,sfr,halo_mass,vel_disp
282184,33,5.5527402e-05,0.00017829385,0.09485476,2.4252868,10.625121,79.40642
