subhalo_id,snapshot,bh_mass,bh_acc,stellar_mass,sfr,halo_mass,vel_disp
329714,33,0.00014189168,0.0004406283,0.14832436,3.4862938,12.656068,84.87363
