subhalo_id,snapshot,bh_mass,bh_acc,stellar_mass,sfr,halo_mass,vel_disp
299957,33,8.565062e-05,0.00027172943,0.116563626,2.9474392,11.807241,82.038925
