subhalo_id,snapshot,bh_mass,bh_acc,stellar_mass,sfr,halo_mass,vel_disp
250908,33,0.00011346454,0.00015572621,0.09306307,2.0939014,10.057767,77.478195
