subhalo_id,snapshot,bh_mass,bh_acc,stellar_mass,sfr,halo_mass,vel_disp
287198,33,8.865952e-05,0.0005406353,0.16035587,4.2957354,14.374002,88.36603
