subhalo_id,snapshot,bh_mass,bh_acc,stellar_mass,sfr,halo_mass,vel_disp
212764,33,0.0011627657,0.004247706,0.53951013,11.08629,25.841522,108.6062
