subhalo_id,snapshot,bh_mass,bh_acc,stellar_mass,sfr,halo_mass,vel_disp
218483,33,0.0002132409,0.0029071392,0.36745703,10.492618,25.632366,108.028404
