subhalo_id,snapshot,bh_mass,bh_acc,stellar_mass,sfr,halo_mass,vel_disp
168453,33,0.001678681,0.0103680575,0.9743769,22.779057,49.699028,133.98572
