subhalo_id,snapshot,bh_mass,bh_acc,stellar_mass,sfr,halo_mass,vel_disp
273253,33,0.00012687538,0.0007931452,0.19648767,5.2861137,16.377628,91.922226
