subhalo_id,snapshot,bh_mass,bh_acc,stellar_mass,sfr,halo_mass,vel_disp
266444,33,0.00023775909,0.0010740872,0.23391661,5.3971605,15.554304,92.749146
