subhalo_id,snapshot,bh_mass,bh_acc,stellar_mass,sfr,halo_mass,vel_disp
242042,33,0.00086810533,0.0026150066,0.40613294,8.214853,20.672918,101.307236
