subhalo_id,snapshot,bh_mass,bh_acc,stellar_mass,sfr,halo_mass,vel_disp
335762,33,9.8345685e-05,2.8782059e-05,0.0581055,1.3061106,8.419843,71.16302
