subhalo_id,snapshot,bh_mass,bh_acc,stellar_mass,sfr,halo_mass,vel_disp
180669,33,0.0026423081,0.008951893,1.0073439,16.745007,34.704174,117.18857
