subhalo_id,snapshot,bh_mass,bh_acc,stellar_mass,sfr,halo_mass,vel_disp
211528,33,0.00020018921,0.0019034924,0.3114894,8.217051,21.195194,101.38622
