subhalo_id,snapshot,bh_mass,bh_acc,stellar_mass,sfr,halo_mass,vel_disp
16211,33,0.002519957,0.0032723835,0.55599415,5.3506794,14.540863,92.57858
