subhalo_id,snapshot,bh_mass,bh_acc,stellar_mass,sfr,halo_mass,vel_disp
239722,33,0.00076941133,0.0032446166,0.44810292,10.020725,23.96135,107.831055
