subhalo_id,snapshot,bh_mass,bh_acc,stellar_mass,sfr,halo_mass,vel_disp
172156,33,0.004218179,0.01212239,1.2762722,20.540934,43.275936,127.619026
