subhalo_id,snapshot,bh_mass,bh_acc,stellar_mass,sfr,halo_mass,vel_disp
315283,33,9.4860006e-05,5.3896976e-05,0.06919192,1.6346897,9.309322,73.87732
