subhalo_id,snapshot,bh_mass,bh_acc,stellar_mass,sfr,halo_mass,vel_disp
203530,33,0.000696819,0.0049875462,0.548676,13.526949,29.691162,115.063934
