subhalo_id,snapshot,bh_mass,bh_acc,stellar_mass,sfr,halo_mass,vel_disp
119648,33,0.017430685,0.013989461,2.6139987,21.808575,84.025055,162.72032
