subhalo_id,snapshot,bh_mass,bh_acc,stellar_mass,sfr,halo_mass,vel_disp
207371,33,0.0020561172,0.0073039765,0.79433835,14.894199,31.690784,117.06305
