subhalo_id,snapshot,bh_mass,bh_acc,stellar_mass,sfr,halo_mass,vel_disp
320654,33,0.0001307773,0.0001929822,0.11013559,2.9378963,12.802479,80.87659
