subhalo_id,snapshot,bh_mass,bh_acc,stellar_mass,sfr,halo_mass,vel_disp
308219,33,9.9334604e-05,0.00026910641,0.11888185,3.0856297,12.387375,82.55211
