subhalo_id,snapshot,bh_mass,bh_acc,stellar_mass,sfr,halo_mass,vel_disp
349473,33,0.00011492008,1.4586956e-05,0.043866314,0.9270066,7.372452,66.46391
