subhalo_id,snapshot,bh_mass,bh_acc,stellar_mass,sfr,halo_mass,vel_disp
51545,33,0.0023204319,0.009463564,0.9320147,17.738728,34.957844,121.93766
