subhalo_id,snapshot,bh_mass,bh_acc,stellar_mass,sfr,halo_mass,vel_disp
97090,33,0.002833085,0.015453024,1.3827443,29.231482,59.350018,144.24358
