subhalo_id,snapshot,bh_mass,bh_acc,stellar_mass,sfr,halo_mass,vel_disp
236734,33,0.0015316126,0.0040881336,0.5540985,9.750654,22.710472,105.58941
