subhalo_id,snapshot,bh_mass,bh_acc,stellar_mass,sfr,halo_mass,vel_disp
16214,33,8.601736e-05,0.00033686834,0.1254149,3.1097257,11.805765,83.27082
