subhalo_id,snapshot,bh_mass,bh_acc,stellar_mass,sfr,halo_mass,vel_disp
79899,33,0.00010842108,0.0007914185,0.19080198,5.0893474,15.627379,91.37425
