subhalo_id,snapshot,bh_mass,bh_acc,stellar_mass,sfr,halo_mass,vel_disp
134306,33,0.0053173755,0.018194696,1.6547403,30.487661,65.115204,149.30098
