subhalo_id,snapshot,bh_mass,bh_acc,stellar_mass,sfr,halo_mass,vel_disp
267654,33,0.00032959122,0.0011112015,0.24037127,5.553376,16.338768,93.776306
