subhalo_id,snapshot,bh_mass,bh_acc,stellar_mass,sfr,halo_mass,vel_disp
255009,33,8.040594e-05,0.0006316732,0.16992334,4.768386,15.351715,90.267525
