subhalo_id,snapshot,bh_mass,bh_acc,stellar_mass,sfr,halo_mass,vel_disp
313406,33,8.686312e-05,0.00027924334,0.11458269,2.7663682,11.184545,81.11179
