subhalo_id,snapshot,bh_mass,bh_acc,stellar_mass,sfr,halo_mass,vel_disp
94253,33,0.0001060557,9.065465e-05,0.07959116,1.9078125,10.033194,75.502464
