subhalo_id,snapshot,bh_mass,bh_acc,stellar_mass,sfr,halo_mass,vel_disp
250371,33,0.000108480686,0.0007251236,0.18576947,4.852877,15.179455,90.45622
