subhalo_id,snapshot,bh_mass,bh_acc,stellar_mass,sfr,halo_mass,vel_disp
311400,33,6.832558e-05,1.3902551e-05,0.054404475,1.209006,7.9543366,71.18296
