subhalo_id,snapshot,bh_mass,bh_acc,stellar_mass,sfr,halo_mass,vel_disp
41977,33,0.012916518,0.023864575,2.862462,36.493805,91.18983,159.65845
