subhalo_id,snapshot,bh_mass,bh_acc,stellar_mass,sfr,halo_mass,vel_disp
306901,33,0.00012408785,0.00026628032,0.11290923,2.6618567,11.228468,80.464325
