subhalo_id,snapshot,bh_mass,bh_acc,stellar_mass,sfr,halo_mass,vel_disp
326933,33,4.4528628e-05,4.4962217e-05,0.06761287,1.6834524,9.086434,74.824684
