subhalo_id,snapshot,bh_mass,bh_acc,stellar_mass,sfr,halo_mass,vel_disp
328981,33,7.940194e-05,0.00020961207,0.10488202,2.698867,11.430216,80.66511
