subhalo_id,snapshot,bh_mass,bh_acc,stellar_mass,sfr,halo_mass,vel_disp
269440,33,0.00015745824,0.0001320386,0.09004547,2.1539447,11.041487,75.99703
