subhalo_id,snapshot,bh_mass,bh_acc,stellar_mass,sfr,halo_mass,vel_disp
81299,33,0.0006423619,0.0020576108,0.33461303,6.9390736,17.213024,97.34958
