subhalo_id,snapshot,bh_mass,bh_acc,stellar_mass,sfr,halo_mass,vel_disp
89656,33,0.005016312,0.013890142,1.532303,22.992994,47.930683,130.21933
