subhalo_id,snapshot,bh_mass,bh_acc,stellar_mass,sfr,halo_mass,vel_disp
329870,33,9.044871e-05,1.1780823e-05,0.056959137,1.3740641,8.711787,71.54911
