subhalo_id,snapshot,bh_mass,bh_acc,stellar_mass,sfr,halo_mass,vel_disp
349480,33,7.535171e-05,2.163474e-05,0.05651307,1.3354944,8.421669,71.726654
