subhalo_id,snapshot,bh_mass,bh_acc,stellar_mass,sfr,halo_mass,vel_disp
359973,33,0.00010912743,1.3283861e-05,0.045914233,0.908705,7.216974,67.38187
