subhalo_id,snapshot,bh_mass,bh_acc,stellar_mass,sfr,halo_mass,vel_disp
33046,33,0.03263908,0.00783251,9.279631,34.291023,298.31165,247.37546
