subhalo_id,snapshot,bh_mass,bh_acc,stellar_mass,sfr,halo_mass,vel_disp
454095,33,5.9523823e-05,0.00010027306,0.004516855,0.0,0.8663397,36.22899
