subhalo_id,snapshot,bh_mass,bh_acc,stellar_mass,sfr,halo_mass,vel_disp
302105,33,0.00012185145,0.00026121223,0.11377552,2.7671576,11.6505575,80.57891
