subhalo_id,snapshot,bh_mass,bh_acc,stellar_mass,sfr,halo_mass,vel_disp
249848,33,0.00012218833,0.0004057572,0.13916045,3.445705,12.807963,84.384926
