subhalo_id,snapshot,bh_mass,bh_acc,stellar_mass,sfr,halo_mass,vel_disp
235436,33,0.00011340281,0.00015620224,0.09677553,2.5369809,11.661027,79.10596
