subhalo_id,snapshot,bh_mass,bh_acc,stellar_mass,sfr,halo_mass,vel_disp
178846,33,0.0046592224,0.012567254,1.1860168,21.124016,48.387386,132.10089
