subhalo_id,snapshot,bh_mass,bh_acc,stellar_mass,sfr,halo_mass,vel_disp
154340,33,0.012737049,0.016656438,2.0664108,22.354319,62.789253,145.67285
