subhalo_id,snapshot,bh_mass,bh_acc,stellar_mass,sfr,halo_mass,vel_disp
261668,33,9.1868045e-05,0.00070034055,0.17904355,4.9744873,15.703518,90.90931
