subhalo_id,snapshot,bh_mass,bh_acc,stellar_mass,sfr,halo_mass,vel_disp
9922,33,0.006050723,0.00837089,1.1612158,11.712486,28.65181,112.850494
