subhalo_id,snapshot,bh_mass,bh_acc,stellar_mass,sfr,halo_mass,vel_disp
308773,33,0.000106283114,0.00015200878,0.09078325,2.005255,9.747719,77.13878
