subhalo_id,snapshot,bh_mass,bh_acc,stellar_mass,sfr,halo_mass,vel_disp
187893,33,0.00010752521,2.9811461e-05,0.06134723,1.1770953,7.8745766,71.47174
