subhalo_id,snapshot,bh_mass,bh_acc,stellar_mass,sfr,halo_mass,vel_disp
130898,33,0.000380664,0.0024241987,0.35331166,9.223046,24.249424,103.805984
