subhalo_id,snapshot,bh_mass,bh_acc,stellar_mass,sfr,halo_mass,vel_disp
179413,33,9.186569e-05,6.838818e-07,0.044685774,0.878827,7.0372953,67.71943
