subhalo_id,snapshot,bh_mass,bh_acc,stellar_mass,sfr,halo_mass,vel_disp
95261,33,0.02468812,0.009907463,5.1418414,25.60849,166.52478,194.11378
