subhalo_id,snapshot,bh_mass,bh_acc,stellar_mass,sfr,halo_mass,vel_disp
238848,33,0.0002243951,0.00080698647,0.19958162,5.4883337,18.220034,91.30475
