subhalo_id,snapshot,bh_mass,bh_acc,stellar_mass,sfr,halo_mass,vel_disp
196614,33,0.00014184855,0.00031254895,0.119576424,2.5523674,10.493748,80.27412
