subhalo_id,snapshot,bh_mass,bh_acc,stellar_mass,sfr,halo_mass,vel_disp
123776,33,0.018560534,0.0146663785,3.3747015,25.790443,107.78588,168.2861
