subhalo_id,snapshot,bh_mass,bh_acc,stellar_mass,sfr,halo_mass,vel_disp
162238,33,0.00042190155,0.0014864886,0.27601674,6.374272,17.543747,95.255714
