subhalo_id,snapshot,bh_mass,bh_acc,stellar_mass,sfr,halo_mass,vel_disp
96568,33,0.00021681229,0.00084314187,0.20102116,4.5363464,13.995756,88.78181
