subhalo_id,snapshot,bh_mass,bh_acc,stellar_mass,sfr,halo_mass,vel_disp
106063,33,9.982477e-05,7.4435957e-07,0.053608067,0.7755492,6.479228,68.93315
