subhalo_id,snapshot,bh_mass,bh_acc,stellar_mass,sfr,halo_mass,vel_disp
195885,33,0.0008581267,0.00495082,0.5701372,13.566788,32.1476,113.454216
