subhalo_id,snapshot,bh_mass,bh_acc,stellar_mass,sfr,halo_mass,vel_disp
292033,33,0.00024849313,0.00048973836,0.15840372,3.3178766,12.449212,84.549545
