subhalo_id,snapshot,bh_mass,bh_acc,stellar_mass,sfr,halo_mass,vel_disp
174796,33,0.00012851559,0.0010086658,0.22154817,6.099576,17.980808,94.78997
