subhalo_id,snapshot,bh_mass,bh_acc,stellar_mass,sfr,halo_mass,vel_disp
353888,33,7.6534605e-05,2.1338346e-06,0.053082787,1.1954263,8.00603,70.85452
