subhalo_id,snapshot,bh_mass,bh_acc,stellar_mass,sfr,halo_mass,vel_disp
351286,33,0.000100643316,7.6289405e-05,0.07335874,1.653991,9.210709,74.3512
