subhalo_id,snapshot,bh_mass,bh_acc,stellar_mass,sfr,halo_mass,vel_disp
328249,33,0.00010099803,1.2484903e-05,0.04488769,0.84617007,6.934469,67.3152
