subhalo_id,snapshot,bh_mass,bh_acc,stellar_mass,sfr,halo_mass,vel_disp
144241,33,0.0008368039,0.0073415395,0.7223418,18.168621,39.276714,124.41995
