subhalo_id,snapshot,bh_mass,bh_acc,stellar_mass,sfr,halo_mass,vel_disp
149200,33,0.02021706,0.0017073508,2.412097,3.0574186,73.75113,156.7666
