subhalo_id,snapshot,bh_mass,bh_acc,stellar_mass,sfr,halo_mass,vel_disp
13,33,0.0014551408,0.004268322,0.5713591,10.154417,23.038345,105.2258
