subhalo_id,snapshot,bh_mass,bh_acc,stellar_mass,sfr,halo_mass,vel_disp
68799,33,0.0015251238,0.0034391843,0.5019696,8.723326,22.715643,102.62502
