subhalo_id,snapshot,bh_mass,bh_acc,stellar_mass,sfr,halo_mass,vel_disp
90372,33,0.016646635,0.021505255,3.0075972,34.362713,101.294365,173.78427
