subhalo_id,snapshot,bh_mass,bh_acc,stellar_mass,sfr,halo_mass,vel_disp
105133,33,0.010541692,0.026918383,2.8956187,42.940292,97.8198,163.18234
