subhalo_id,snapshot,bh_mass,bh_acc,stellar_mass,sfr,halo_mass,vel_disp
329042,33,0.000114613154,2.2777647e-05,0.04866813,1.0985216,7.913162,68.008156
