subhalo_id,snapshot,bh_mass,bh_acc,stellar_mass,sfr,halo_mass,vel_disp
284195,33,0.0001798635,0.00071197446,0.18627328,4.4209137,14.18031,89.16098
