subhalo_id,snapshot,bh_mass,bh_acc,stellar_mass,sfr,halo_mass,vel_disp
262602,33,0.00013309452,0.00088482513,0.20474389,5.4253516,16.368755,92.24195
