subhalo_id,snapshot,bh_mass,bh_acc,stellar_mass,sfr,halo_mass,vel_disp
133593,33,0.0060725072,0.020949433,2.1291213,35.725945,76.705696,151.81665
