subhalo_id,snapshot,bh_mass,bh_acc,stellar_mass,sfr,halo_mass,vel_disp
240094,33,0.00022922814,0.0011654649,0.24609141,6.0638843,17.329796,94.84446
