subhalo_id,snapshot,bh_mass,bh_acc,stellar_mass,sfr,halo_mass,vel_disp
288829,33,0.00015294194,0.0003703475,0.14074655,3.7656455,14.393118,84.87821
