subhalo_id,snapshot,bh_mass,bh_acc,stellar_mass,sfr,halo_mass,vel_disp
102335,33,0.0017959918,0.009139092,0.90344167,19.119553,39.505924,125.561874
