subhalo_id,snapshot,bh_mass,bh_acc,stellar_mass,sfr,halo_mass,vel_disp
70884,33,0.027560823,0.0023391475,5.4440274,14.367463,172.96097,194.40105
