subhalo_id,snapshot,bh_mass,bh_acc,stellar_mass,sfr,halo_mass,vel_disp
2967,33,0.065360464,0.008221068,16.802345,41.63365,490.14636,330.33817
