subhalo_id,snapshot,bh_mass,bh_acc,stellar_mass,sfr,halo_mass,vel_disp
317083,33,7.203498e-05,1.768273e-05,0.056247577,1.2962981,8.278865,71.696846
