subhalo_id,snapshot,bh_mass,bh_acc,stellar_mass,sfr,halo_mass,vel_disp
354273,33,8.284277e-05,3.673206e-05,0.060786456,1.3501409,8.376852,72.21896
