subhalo_id,snapshot,bh_mass,bh_acc,stellar_mass,sfr,halo_mass,vel_disp
207550,33,0.000103436236,1.8255203e-05,0.054161184,1.1045632,7.7564735,69.92918
