subhalo_id,snapshot,bh_mass,bh_acc,stellar_mass,sfr,halo_mass,vel_disp
266499,33,0.00086935156,0.0018196526,0.33587182,6.256292,17.703365,95.71548
