subhalo_id,snapshot,bh_mass,bh_acc,stellar_mass,sfr,halo_mass,vel_disp
291243,33,7.666042e-05,0.00041647372,0.14165018,3.657738,13.015101,85.744484
