subhalo_id,snapshot,bh_mass,bh_acc,stellar_mass,sfr,halo_mass,vel_disp
155092,33,0.0046791863,0.010029831,1.1267076,16.555464,38.15007,121.74992
