subhalo_id,snapshot,bh_mass,bh_acc,stellar_mass,sfr,halo_mass,vel_disp
32054,33,0.00561029,0.0077780276,1.0634545,11.321648,28.20435,112.68376
