subhalo_id,snapshot,bh_mass,bh_acc,stellar_mass,sfr,halo_mass,vel_disp
276540,33,0.00011115463,2.8050563e-05,0.055209197,1.2210385,8.237859,69.93656
