subhalo_id,snapshot,bh_mass,bh_acc,stellar_mass,sfr,halo_mass,vel_disp
413584,33,5.5493583e-05,0.00013446395,0.0024801046,0.0,0.3888607,34.294792
