subhalo_id,snapshot,bh_mass,bh_acc,stellar_mass,sfr,halo_mass,vel_disp
282269,33,0.0008341827,0.0014270061,0.30218822,5.0875177,15.637242,91.27408
