subhalo_id,snapshot,bh_mass,bh_acc,stellar_mass,sfr,halo_mass,vel_disp
192326,33,0.00017726683,0.00077809324,0.1935034,4.7126684,14.684767,90.08237
