subhalo_id,snapshot,bh_mass,bh_acc,stellar_mass,sfr,halo_mass,vel_disp
64632,33,0.018832015,0.020995902,4.294622,37.575195,139.95334,176.11331
