subhalo_id,snapshot,bh_mass,bh_acc,stellar_mass,sfr,halo_mass,vel_disp
321604,33,8.098644e-05,9.0466347e-07,0.047546558,0.9959477,7.373797,68.99431
