subhalo_id,snapshot,bh_mass,bh_acc,stellar_mass,sfr,halo_mass,vel_disp
139885,33,0.00010468537,1.9371277e-05,0.059589416,1.0424186,7.3762856,70.86086
