subhalo_id,snapshot,bh_mass,bh_acc,stellar_mass,sfr,halo_mass,vel_disp
105724,33,0.0013407287,0.0032872828,0.47925988,8.260318,19.41824,101.64021
