subhalo_id,snapshot,bh_mass,bh_acc,stellar_mass,sfr,halo_mass,vel_disp
323672,33,8.4739644e-05,2.6018708e-05,0.058635198,1.3028932,8.305408,71.676865
