subhalo_id,snapshot,bh_mass,bh_acc,stellar_mass,sfr,halo_mass,vel_disp
251858,33,0.0012733964,0.00322303,0.48133284,8.621135,21.292168,102.28272
