subhalo_id,snapshot,bh_mass,bh_acc,stellar_mass,sfr,halo_mass,vel_disp
211180,33,7.6008524e-05,0.0021412098,0.29906666,9.027765,22.973711,104.42572
