subhalo_id,snapshot,bh_mass,bh_acc,stellar_mass,sfr,halo_mass,vel_disp
383318,33,9.66276e-05,7.7090226e-07,0.043037422,0.73881686,6.5552177,66.7473
