subhalo_id,snapshot,bh_mass,bh_acc,stellar_mass,sfr,halo_mass,vel_disp
297638,33,0.00014870398,0.0005805257,0.16792929,3.993348,13.458147,87.05624
