subhalo_id,snapshot,bh_mass,bh_acc,stellar_mass,sfr,halo_mass,vel_disp
181530,33,8.154512e-05,0.0011358403,0.22833216,6.519679,18.404522,96.447174
