subhalo_id,snapshot,bh_mass,bh_acc,stellar_mass,sfr,halo_mass,vel_disp
167120,33,0.01494104,0.0077970335,1.9254361,10.997432,56.567093,142.62724
