subhalo_id,snapshot,bh_mass,bh_acc,stellar_mass,sfr,halo_mass,vel_disp
327588,33,0.000106762134,7.5594e-05,0.074348494,1.7991178,9.83806,74.58346
