subhalo_id,snapshot,bh_mass,bh_acc,stellar_mass,sfr,halo_mass,vel_disp
250215,33,0.00019090198,0.0013144444,0.25598696,6.6303673,18.265873,96.86265
