subhalo_id,snapshot,bh_mass,bh_acc,stellar_mass,sfr,halo_mass,vel_disp
272277,33,0.00044278568,0.001110131,0.24518144,5.109678,15.470703,91.89264
