subhalo_id,snapshot,bh_mass,bh_acc,stellar_mass,sfr,halo_mass,vel_disp
326677,33,0.00012893984,0.00023496931,0.11400313,2.8749409,12.184954,81.1173
