subhalo_id,snapshot,bh_mass,bh_acc,stellar_mass,sfr,halo_mass,vel_disp
363453,33,7.359855e-05,3.2577082e-06,0.05323398,1.1743182,7.889886,70.881424
