subhalo_id,snapshot,bh_mass,bh_acc,stellar_mass,sfr,halo_mass,vel_disp
224541,33,0.0019701575,0.0046672476,0.6198022,10.238803,24.844185,106.39497
