subhalo_id,snapshot,bh_mass,bh_acc,stellar_mass,sfr,halo_mass,vel_disp
322846,33,9.513757e-05,0.00010219577,0.07745868,1.7106116,9.16327,74.91138
