subhalo_id,snapshot,bh_mass,bh_acc,stellar_mass,sfr,halo_mass,vel_disp
158948,33,6.881327e-05,3.1075266e-05,0.058208115,1.2549415,7.978866,71.807686
