subhalo_id,snapshot,bh_mass,bh_acc,stellar_mass,sfr,halo_mass,vel_disp
316647,33,7.805356e-05,8.852739e-05,0.07928677,1.9486592,9.906743,76.335175
