subhalo_id,snapshot,bh_mass,bh_acc,stellar_mass,sfr,halo_mass,vel_disp
177351,33,0.00021623487,0.00071388856,0.19112755,4.6665697,15.294552,89.31408
