subhalo_id,snapshot,bh_mass,bh_acc,stellar_mass,sfr,halo_mass,vel_disp
322878,33,6.3021056e-05,3.242801e-05,0.060532913,1.4085574,8.477146,72.78204
