subhalo_id,snapshot,bh_mass,bh_acc,stellar_mass,sfr,halo_mass,vel_disp
291766,33,0.0002521284,0.00072829355,0.1922462,4.18738,13.790628,87.74843
