subhalo_id,snapshot,bh_mass,bh_acc,stellar_mass,sfr,halo_mass,vel_disp
222450,33,0.0002708492,0.0005626371,0.1803861,4.515774,16.666262,87.07702
