subhalo_id,snapshot,bh_mass,bh_acc,stellar_mass,sfr,halo_mass,vel_disp
132948,33,0.022753228,0.0011557331,2.7472682,2.1592605,84.12258,163.44104
