subhalo_id,snapshot,bh_mass,bh_acc,stellar_mass,sfr,halo_mass,vel_disp
106576,33,0.0009331519,0.00823546,0.8077382,19.510168,40.434387,125.486465
