subhalo_id,snapshot,bh_mass,bh_acc,stellar_mass,sfr,halo_mass,vel_disp
197518,33,7.607654e-05,0.00030037214,0.11846403,2.946497,11.5904665,81.91637
