subhalo_id,snapshot,bh_mass,bh_acc,stellar_mass,sfr,halo_mass,vel_disp
191246,33,0.00017201604,0.0012266311,0.2451657,6.6909018,19.368565,96.20651
