subhalo_id,snapshot,bh_mass,bh_acc,stellar_mass,sfr,halo_mass,vel_disp
213925,33,0.0012361421,0.005538528,0.64188945,13.442526,29.667854,113.4933
