subhalo_id,snapshot,bh_mass,bh_acc,stellar_mass,sfr,halo_mass,vel_disp
215429,33,9.379597e-05,1.8685241e-06,0.054309033,1.0759377,7.583478,70.61766
