subhalo_id,snapshot,bh_mass,bh_acc,stellar_mass,sfr,halo_mass,vel_disp
76384,33,0.0067813713,0.026232397,2.5538564,48.19059,114.831375,183.20673
