subhalo_id,snapshot,bh_mass,bh_acc,stellar_mass,sfr,halo_mass,vel_disp
254108,33,7.76285e-05,0.0010610137,0.22060013,6.185117,17.51696,95.50885
