subhalo_id,snapshot,bh_mass,bh_acc,stellar_mass,sfr,halo_mass,vel_disp
35958,33,0.0024134696,0.013490192,1.253155,26.545086,54.01373,137.69629
