subhalo_id,snapshot,bh_mass,bh_acc,stellar_mass,sfr,halo_mass,vel_disp
298770,33,8.840163e-05,0.00043023512,0.14228843,3.6884742,13.110992,85.80467
