subhalo_id,snapshot,bh_mass,bh_acc,stellar_mass,sfr,halo_mass,vel_disp
185558,33,0.0009821001,0.007035319,0.70003045,17.4063,38.860863,122.80973
