subhalo_id,snapshot,bh_mass,bh_acc,stellar_mass,sfr,halo_mass,vel_disp
292724,33,0.00018339383,0.00055723113,0.16794367,4.0653067,14.102015,87.51407
