subhalo_id,snapshot,bh_mass,bh_acc,stellar_mass,sfr,halo_mass,vel_disp
289393,33,8.10012e-05,0.00019493385,0.09981759,2.4648533,10.811114,79.43353
