subhalo_id,snapshot,bh_mass,bh_acc,stellar_mass,sfr,halo_mass,vel_disp
210737,33,0.000106922875,1.2709643e-06,0.048032522,0.8289002,6.861809,67.99075
