subhalo_id,snapshot,bh_mass,bh_acc,stellar_mass,sfr,halo_mass,vel_disp
213454,33,0.000673082,0.002973406,0.41021112,9.749784,24.764702,105.936455
