subhalo_id,snapshot,bh_mass,bh_acc,stellar_mass,sfr,halo_mass,vel_disp
246707,33,0.00083978684,0.002601336,0.3981335,8.191352,20.384945,101.6673
