subhalo_id,snapshot,bh_mass,bh_acc,stellar_mass,sfr,halo_mass,vel_disp
26124,33,0.0034615325,0.01049037,1.0836157,18.189032,37.923298,121.3339
