subhalo_id,snapshot,bh_mass,bh_acc,stellar_mass,sfr,halo_mass,vel_disp
259338,33,0.0001255105,0.00081891543,0.19244806,5.076028,15.516316,91.28241
