subhalo_id,snapshot,bh_mass,bh_acc,stellar_mass,sfr,halo_mass,vel_disp
360536,33,8.370954e-05,4.5923516e-06,0.050145604,1.042264,7.499279,69.51077
