subhalo_id,snapshot,bh_mass,bh_acc,stellar_mass,sfr,halo_mass,vel_disp
321789,33,6.19358e-05,0.00018736342,0.09765594,2.4240701,10.572316,79.3503
