subhalo_id,snapshot,bh_mass,bh_acc,stellar_mass,sfr,halo_mass,vel_disp
273161,33,0.00011980074,0.00030350947,0.12646353,3.1701155,12.594209,82.68513
