subhalo_id,snapshot,bh_mass,bh_acc,stellar_mass,sfr,halo_mass,vel_disp
390487,33,0.00012410898,1.847779e-05,0.04911671,1.1208162,8.09985,67.98409
