subhalo_id,snapshot,bh_mass,bh_acc,stellar_mass,sfr,halo_mass,vel_disp
227210,33,0.00036486288,0.0027574932,0.36896765,10.013217,26.447083,104.63042
