subhalo_id,snapshot,bh_mass,bh_acc,stellar_mass,sfr,halo_mass,vel_disp
183583,33,7.1047485e-05,2.6948692e-05,0.05874034,1.281328,8.10478,71.969696
