subhalo_id,snapshot,bh_mass,bh_acc,stellar_mass,sfr,halo_mass,vel_disp
259266,33,0.00015391695,0.00059923425,0.16952987,4.196593,14.171061,87.53204
