subhalo_id,snapshot,bh_mass,bh_acc,stellar_mass,sfr,halo_mass,vel_disp
39493,33,0.00028556457,0.0012760888,0.25810212,6.0096188,16.6969,94.74208
