subhalo_id,snapshot,bh_mass,bh_acc,stellar_mass,sfr,halo_mass,vel_disp
175986,33,0.0034646764,0.011720167,1.239772,20.953909,43.79009,126.970276
