subhalo_id,snapshot,bh_mass,bh_acc,stellar_mass,sfr,halo_mass,vel_disp
216799,33,0.00027637577,0.0024499157,0.3267075,9.188578,23.32582,104.42302
