subhalo_id,snapshot,bh_mass,bh_acc,stellar_mass,sfr,halo_mass,vel_disp
303869,33,0.00012609415,0.00039248014,0.13877557,3.3435118,12.498913,84.1351
