subhalo_id,snapshot,bh_mass,bh_acc,stellar_mass,sfr,halo_mass,vel_disp
153576,33,0.00016506208,0.0003962559,0.14002727,3.1534185,12.072172,82.99877
