subhalo_id,snapshot,bh_mass,bh_acc,stellar_mass,sfr,halo_mass,vel_disp
138458,33,0.00046018694,0.0027502584,0.40348455,8.596607,18.47313,102.88703
