subhalo_id,snapshot,bh_mass,bh_acc,stellar_mass,sfr,halo_mass,vel_disp
270708,33,0.0002994244,0.0014530502,0.2786218,6.8494244,18.915451,97.15854
