subhalo_id,snapshot,bh_mass,bh_acc,stellar_mass,sfr,halo_mass,vel_disp
242889,33,0.00031345937,0.0015926093,0.2943859,7.1408057,19.089048,98.66644
