subhalo_id,snapshot,bh_mass,bh_acc,stellar_mass,sfr,halo_mass,vel_disp
369097,33,9.669762e-05,5.322625e-06,0.03848388,0.70184195,6.4706273,65.38851
