subhalo_id,snapshot,bh_mass,bh_acc,stellar_mass,sfr,halo_mass,vel_disp
335055,33,0.000107272586,0.00016201363,0.09265852,2.0649076,9.865279,77.5159
