subhalo_id,snapshot,bh_mass,bh_acc,stellar_mass,sfr,halo_mass,vel_disp
256600,33,0.0005083058,0.001824022,0.32366335,7.1572313,18.862196,98.48968
