subhalo_id,snapshot,bh_mass,bh_acc,stellar_mass,sfr,halo_mass,vel_disp
312554,33,9.768939e-05,8.4504485e-05,0.07522577,1.7116914,9.325319,74.737404
