subhalo_id,snapshot,bh_mass,bh_acc,stellar_mass,sfr,halo_mass,vel_disp
213396,33,0.00051776535,0.0017847379,0.3224451,7.111957,19.33692,97.41996
