subhalo_id,snapshot,bh_mass,bh_acc,stellar_mass,sfr,halo_mass,vel_disp
1077264,33,5.7723315e-05,0.00011550367,0.0027575344,0.0,0.36907196,34.53917
