subhalo_id,snapshot,bh_mass,bh_acc,stellar_mass,sfr,halo_mass,vel_disp
243713,33,0.00023865246,0.0010262185,0.2330532,6.0417795,18.335772,94.26353
