subhalo_id,snapshot,bh_mass,bh_acc,stellar_mass,sfr,halo_mass,vel_disp
161669,33,0.01291647,0.011326506,1.7986544,15.503805,51.863228,140.57935
