subhalo_id,snapshot,bh_mass,bh_acc,stellar_mass,sfr,halo_mass,vel_disp
304565,33,9.5833966e-05,0.00029205362,0.12568651,3.3657107,13.107698,83.77907
