subhalo_id,snapshot,bh_mass,bh_acc,stellar_mass,sfr,halo_mass,vel_disp
239609,33,0.00022120963,0.001407871,0.2722035,6.873252,18.722494,97.64671
