subhalo_id,snapshot,bh_mass,bh_acc,stellar_mass,sfr,halo_mass,vel_disp
220603,33,0.0010895109,0.00302464,0.44244978,8.823269,22.263416,103.96622
