subhalo_id,snapshot,bh_mass,bh_acc,stellar_mass,sfr,halo_mass,vel_disp
69292,33,0.00017057036,0.0006876115,0.17827135,4.1531873,13.412958,87.52265
