subhalo_id,snapshot,bh_mass,bh_acc,stellar_mass,sfr,halo_mass,vel_disp
112707,33,6.009161e-05,0.00024429453,0.10777027,2.6245234,10.720961,80.70765
