subhalo_id,snapshot,bh_mass,bh_acc,stellar_mass,sfr,halo_mass,vel_disp
292323,33,0.00010750041,0.0006676577,0.17696956,4.7225685,15.102386,89.909164
