subhalo_id,snapshot,bh_mass,bh_acc,stellar_mass,sfr,halo_mass,vel_disp
294761,33,0.00021965231,0.0006703483,0.18201427,4.16055,13.939827,87.47338
