subhalo_id,snapshot,bh_mass,bh_acc,stellar_mass,sfr,halo_mass,vel_disp
173566,33,0.0045755645,0.010305722,1.1560687,17.054678,38.01778,123.29068
