subhalo_id,snapshot,bh_mass,bh_acc,stellar_mass,sfr,halo_mass,vel_disp
302400,33,0.00011660243,3.8484868e-05,0.063784935,1.4536126,8.984891,71.81727
