subhalo_id,snapshot,bh_mass,bh_acc,stellar_mass,sfr,halo_mass,vel_disp
218671,33,8.230153e-05,1.5087891e-05,0.05646833,1.1857681,7.8911076,71.29133
