subhalo_id,snapshot,bh_mass,bh_acc,stellar_mass,sfr,halo_mass,vel_disp
214731,33,0.000101837475,6.024592e-05,0.06638494,1.4366465,8.595285,72.95188
