subhalo_id,snapshot,bh_mass,bh_acc,stellar_mass,sfr,halo_mass,vel_disp
165033,33,0.0021653795,0.01061113,1.0357326,21.627008,45.50819,129.54602
