subhalo_id,snapshot,bh_mass,bh_acc,stellar_mass,sfr,halo_mass,vel_disp
214514,33,0.0004958225,0.0035530245,0.44306925,11.353428,27.30196,109.80887
