subhalo_id,snapshot,bh_mass,bh_acc,stellar_mass,sfr,halo_mass,vel_disp
335757,33,8.092972e-05,0.00018227124,0.0986452,2.4571369,10.824997,79.48863
