subhalo_id,snapshot,bh_mass,bh_acc,stellar_mass,sfr,halo_mass,vel_disp
133018,33,7.692064e-05,4.454574e-05,0.063595995,1.2815907,7.920767,72.59457
