subhalo_id,snapshot,bh_mass,bh_acc,stellar_mass,sfr,halo_mass,vel_disp
278344,33,7.449364e-05,0.0007596219,0.18708576,4.9914093,15.173004,91.234024
