subhalo_id,snapshot,bh_mass,bh_acc,stellar_mass,sfr,halo_mass,vel_disp
73800,33,0.0057263053,0.015497938,1.6423389,26.170618,55.720413,137.9389
