subhalo_id,snapshot,bh_mass,bh_acc,stellar_mass,sfr,halo_mass,vel_disp
279321,33,9.994273e-05,0.00043472453,0.1460439,3.8423648,13.721699,86.1465
