subhalo_id,snapshot,bh_mass,bh_acc,stellar_mass,sfr,halo_mass,vel_disp
247584,33,0.0026361898,0.0052184393,0.6862297,10.238893,25.027481,107.48751
