subhalo_id,snapshot,bh_mass,bh_acc,stellar_mass,sfr,halo_mass,vel_disp
369634,33,8.3798455e-05,5.2844523e-05,0.06893417,1.5553441,8.874984,74.00967
