subhalo_id,snapshot,bh_mass,bh_acc,stellar_mass,sfr,halo_mass,vel_disp
66607,33,0.0009073715,0.002454712,0.39768887,7.6575756,19.509048,99.56433
