subhalo_id,snapshot,bh_mass,bh_acc,stellar_mass,sfr,halo_mass,vel_disp
267861,33,9.413998e-05,0.000109444954,0.08029419,1.9505572,10.0125,75.66291
