subhalo_id,snapshot,bh_mass,bh_acc,stellar_mass,sfr,halo_mass,vel_disp
377867,33,0.000110980094,7.179682e-06,0.045910552,0.99731565,7.6063695,67.58683
