subhalo_id,snapshot,bh_mass,bh_acc,stellar_mass,sfr,halo_mass,vel_disp
273852,33,7.321563e-05,0.0010624777,0.218857,6.0006294,16.831139,94.85302
