subhalo_id,snapshot,bh_mass,bh_acc,stellar_mass,sfr,halo_mass,vel_disp
324697,33,7.9012854e-05,1.4305639e-05,0.057743624,1.3507079,8.51404,72.02508
