subhalo_id,snapshot,bh_mass,bh_acc,stellar_mass,sfr,halo_mass,vel_disp
134786,33,0.00051654194,0.0005503062,0.1768078,2.6251218,11.206608,81.69391
