subhalo_id,snapshot,bh_mass,bh_acc,stellar_mass,sfr,halo_mass,vel_disp
293690,33,0.00011297641,0.00048392126,0.15235543,3.8372555,13.427015,86.19136
