subhalo_id,snapshot,bh_mass,bh_acc,stellar_mass,sfr,halo_mass,vel_disp
323145,33,4.388459e-05,0.00018031325,0.09622932,2.4246016,10.464326,79.55696
