subhalo_id,snapshot,bh_mass,bh_acc,stellar_mass,sfr,halo_mass,vel_disp
197167,33,0.0039183917,0.005856911,0.7918637,9.683526,25.581467,106.530594
