subhalo_id,snapshot,bh_mass,bh_acc,stellar_mass,sfr,halo_mass,vel_disp
129125,33,0.00023851903,0.00079095934,0.19431436,4.410301,14.028772,88.4346
