subhalo_id,snapshot,bh_mass,bh_acc,stellar_mass,sfr,halo_mass,vel_disp
52760,33,0.010635905,0.015828505,2.025528,23.23666,59.83099,142.48352
