subhalo_id,snapshot,bh_mass,bh_acc,stellar_mass,sfr,halo_mass,vel_disp
71507,33,0.023172505,0.0037390706,5.350635,18.919436,173.33043,188.70546
