subhalo_id,snapshot,bh_mass,bh_acc,stellar_mass,sfr,halo_mass,vel_disp
169765,33,0.007853197,0.010333403,1.3618269,15.020139,40.405663,125.09726
