subhalo_id,snapshot,bh_mass,bh_acc,stellar_mass,sfr,halo_mass,vel_disp
105971,33,0.015190596,0.02583069,3.4255667,43.02349,117.58439,175.24992
