subhalo_id,snapshot,bh_mass,bh_acc,stellar_mass,sfr,halo_mass,vel_disp
333885,33,8.3781255e-05,2.9613147e-05,0.058295302,1.2680736,8.166422,71.58872
