subhalo_id,snapshot,bh_mass,bh_acc,stellar_mass,sfr,halo_mass,vel_disp
267407,33,9.961138e-05,9.205303e-05,0.076844715,1.8496766,9.816169,75.21438
