subhalo_id,snapshot,bh_mass,bh_acc,stellar_mass,sfr,halo_mass,vel_disp
569167,33,5.3817348e-05,0.0001443146,0.0016157478,0.0,0.20710278,33.61559
