subhalo_id,snapshot,bh_mass,bh_acc,stellar_mass,sfr,halo_mass,vel_disp
210165,33,0.00049110537,0.0036161141,0.44835767,11.304441,26.504272,109.33244
