subhalo_id,snapshot,bh_mass,bh_acc,stellar_mass,sfr,halo_mass,vel_disp
196940,33,0.00017813468,0.00031179457,0.13562752,3.3969345,13.747818,82.838165
