subhalo_id,snapshot,bh_mass,bh_acc,stellar_mass,sfr,halo_mass,vel_disp
72776,33,0.000241342,0.00086911285,0.20541489,4.6914253,14.33774,90.32556
