subhalo_id,snapshot,bh_mass,bh_acc,stellar_mass,sfr,halo_mass,vel_disp
299730,33,0.00011995909,0.00030022184,0.12047055,2.8354049,11.445216,81.667854
