subhalo_id,snapshot,bh_mass,bh_acc,stellar_mass,sfr,halo_mass,vel_disp
260135,33,8.8314264e-05,0.00036244272,0.13573743,3.6634154,13.593666,85.185356
