subhalo_id,snapshot,bh_mass,bh_acc,stellar_mass,sfr,halo_mass,vel_disp
199989,33,0.00013058566,0.00010530703,0.07344885,1.2505051,7.716207,72.47073
