subhalo_id,snapshot,bh_mass,bh_acc,stellar_mass,sfr,halo_mass,vel_disp
60965,33,0.023579989,0.009871991,5.8655267,27.83507,187.00879,191.35126
