subhalo_id,snapshot,bh_mass,bh_acc,stellar_mass,sfr,halo_mass,vel_disp
112785,33,0.007224151,0.02875393,2.765382,48.875465,103.4276,169.22487
