subhalo_id,snapshot,bh_mass,bh_acc,stellar_mass,sfr,halo_mass,vel_disp
243102,33,0.00028896256,0.0014097819,0.26574722,6.7459383,18.72496,97.543045
