subhalo_id,snapshot,bh_mass,bh_acc,stellar_mass,sfr,halo_mass,vel_disp
222219,33,0.00039612516,0.0025905329,0.37990585,9.279418,22.37356,104.88159
