subhalo_id,snapshot,bh_mass,bh_acc,stellar_mass,sfr,halo_mass,vel_disp
324815,33,0.00011347784,0.00017422577,0.096506394,2.2489831,10.486282,78.09035
