subhalo_id,snapshot,bh_mass,bh_acc,stellar_mass,sfr,halo_mass,vel_disp
224226,33,0.00034241518,0.0031328388,0.4112326,10.587415,24.992805,107.547966
