subhalo_id,snapshot,bh_mass,bh_acc,stellar_mass,sfr,halo_mass,vel_disp
339174,33,6.5270404e-05,1.8328603e-05,0.05656393,1.2682507,8.082639,71.80597
