subhalo_id,snapshot,bh_mass,bh_acc,stellar_mass,sfr,halo_mass,vel_disp
235461,33,0.00025818276,0.0010018593,0.23050205,5.59136,16.841242,93.16515
