subhalo_id,snapshot,bh_mass,bh_acc,stellar_mass,sfr,halo_mass,vel_disp
343990,33,4.526254e-05,4.2641244e-05,0.06815829,1.6436601,8.903858,74.98542
