subhalo_id,snapshot,bh_mass,bh_acc,stellar_mass,sfr,halo_mass,vel_disp
245463,33,9.551825e-05,0.00010982144,0.081024446,1.9129748,9.810876,75.96367
