subhalo_id,snapshot,bh_mass,bh_acc,stellar_mass,sfr,halo_mass,vel_disp
209689,33,0.0021946256,0.00807748,0.8684429,16.360893,34.884335,120.41292
