subhalo_id,snapshot,bh_mass,bh_acc,stellar_mass,sfr,halo_mass,vel_disp
221388,33,0.0014733591,0.0062039406,0.68113637,14.515251,32.490932,117.10733
