subhalo_id,snapshot,bh_mass,bh_acc,stellar_mass,sfr,halo_mass,vel_disp
200013,33,0.0005848667,0.005369214,0.5841341,14.57138,31.521698,116.67813
