subhalo_id,snapshot,bh_mass,bh_acc,stellar_mass,sfr,halo_mass,vel_disp
290428,33,9.850637e-05,0.0005244687,0.15716246,4.0859556,13.883199,87.30269
