subhalo_id,snapshot,bh_mass,bh_acc,stellar_mass,sfr,halo_mass,vel_disp
210198,33,0.00068264175,0.004054147,0.48540324,11.654997,26.650948,110.78693
