subhalo_id,snapshot,bh_mass,bh_acc,stellar_mass,sfr,halo_mass,vel_disp
293186,33,9.4241725e-05,5.094451e-06,0.04534527,0.9572896,7.345147,67.879166
