subhalo_id,snapshot,bh_mass,bh_acc,stellar_mass,sfr,halo_mass,vel_disp
240699,33,0.00053783477,0.003427507,0.44540924,10.618187,24.560139,107.00519
