subhalo_id,snapshot,bh_mass,bh_acc,stellar_mass,sfr,halo_mass,vel_disp
258818,33,6.7295216e-05,0.0008312184,0.19745629,5.2081633,15.381051,92.20929
