subhalo_id,snapshot,bh_mass,bh_acc,stellar_mass,sfr,halo_mass,vel_disp
347808,33,9.4710995e-05,4.413887e-05,0.06695461,1.6323448,9.412815,73.626335
