subhalo_id,snapshot,bh_mass,bh_acc,stellar_mass,sfr,halo_mass,vel_disp
228473,33,0.00016180499,0.0006866948,0.18197331,4.427785,14.34988,88.62314
