subhalo_id,snapshot,bh_mass,bh_acc,stellar_mass,sfr,halo_mass,vel_disp
168489,33,0.017411917,0.0005054816,2.018649,1.5701203,62.49862,145.65723
