subhalo_id,snapshot,bh_mass,bh_acc,stellar_mass,sfr,halo_mass,vel_disp
251962,33,0.00013386415,0.0009946264,0.21850958,6.104356,18.133274,94.73543
