subhalo_id,snapshot,bh_mass,bh_acc,stellar_mass,sfr,halo_mass,vel_disp
235928,33,9.2551694e-05,0.00058877305,0.16601568,4.340962,14.281822,88.47681
