subhalo_id,snapshot,bh_mass,bh_acc,stellar_mass,sfr,halo_mass,vel_disp
122713,33,4.429827e-05,0.00037758975,0.13156192,3.2804549,11.767431,84.28929
