subhalo_id,snapshot,bh_mass,bh_acc,stellar_mass,sfr,halo_mass,vel_disp
333313,33,0.0001186509,2.0951207e-05,0.05193364,1.1539394,8.113268,69.00733
