subhalo_id,snapshot,bh_mass,bh_acc,stellar_mass,sfr,halo_mass,vel_disp
298721,33,0.00013991876,0.0003854136,0.14409938,3.8849955,14.500387,85.81915
