subhalo_id,snapshot,bh_mass,bh_acc,stellar_mass,sfr,halo_mass,vel_disp
200425,33,0.00039061013,0.0012843503,0.26652503,5.7116885,16.284431,93.08537
