subhalo_id,snapshot,bh_mass,bh_acc,stellar_mass,sfr,halo_mass,vel_disp
261579,33,0.0002819813,0.0013912781,0.27025968,6.8486733,19.290894,97.410416
