subhalo_id,snapshot,bh_mass,bh_acc,stellar_mass,sfr,halo_mass,vel_disp
135940,33,0.0025278237,0.006026334,0.73432004,11.521004,25.750721,108.884
