subhalo_id,snapshot,bh_mass,bh_acc,stellar_mass,sfr,halo_mass,vel_disp
148870,33,0.002181405,0.011344694,1.0595831,23.50455,51.225,136.37865
