subhalo_id,snapshot,bh_mass,bh_acc,stellar_mass,sfr,halo_mass,vel_disp
132394,33,0.013112908,0.018537607,2.6129599,30.811045,85.88449,159.09268
