subhalo_id,snapshot,bh_mass,bh_acc,stellar_mass,sfr,halo_mass,vel_disp
317150,33,6.6512526e-05,0.00013580552,0.08725695,2.1256807,10.018811,77.74544
