subhalo_id,snapshot,bh_mass,bh_acc,stellar_mass,sfr,halo_mass,vel_disp
253982,33,8.643785e-05,0.0003337742,0.12375967,3.0374603,11.721416,82.33708
