subhalo_id,snapshot,bh_mass,bh_acc,stellar_mass,sfr,halo_mass,vel_disp
197080,33,0.0024357801,0.006150669,0.74690366,12.595048,29.615074,113.179184
