subhalo_id,snapshot,bh_mass,bh_acc,stellar_mass,sfr,halo_mass,vel_disp
193864,33,4.679375e-05,0.000818988,0.19395563,5.4476805,16.200563,93.04021
