subhalo_id,snapshot,bh_mass,bh_acc,stellar_mass,sfr,halo_mass,vel_disp
323546,33,0.000116926734,1.9501604e-05,0.044287108,0.9395652,7.4167223,66.414375
