subhalo_id,snapshot,bh_mass,bh_acc,stellar_mass,sfr,halo_mass,vel_disp
331357,33,9.618307e-05,0.00022016861,0.10358461,2.4235494,10.567264,79.292366
