subhalo_id,snapshot,bh_mass,bh_acc,stellar_mass,sfr,halo_mass,vel_disp
144613,33,0.0018235808,0.018480273,1.4629146,36.710045,71.46934,155.6738
