subhalo_id,snapshot,bh_mass,bh_acc,stellar_mass,sfr,halo_mass,vel_disp
223901,33,0.00015263978,0.0014225537,0.2622618,7.050728,19.043545,97.97667
