subhalo_id,snapshot,bh_mass,bh_acc,stellar_mass,sfr,halo_mass,vel_disp
155150,33,0.0031133753,0.014314966,1.3701515,26.568254,53.97764,138.10077
