subhalo_id,snapshot,bh_mass,bh_acc,stellar_mass,sfr,halo_mass,vel_disp
262261,33,9.748968e-05,0.0003261257,0.13019031,3.4369116,13.165447,83.97768
