subhalo_id,snapshot,bh_mass,bh_acc,stellar_mass,sfr,halo_mass,vel_disp
227043,33,0.0016607128,0.00483951,0.61769533,11.0881,25.498714,108.3062
