subhalo_id,snapshot,bh_mass,bh_acc,stellar_mass,sfr,halo_mass,vel_disp
99785,33,0.016414534,0.025325842,3.2757285,40.512337,113.04389,178.4465
