subhalo_id,snapshot,bh_mass,bh_acc,stellar_mass,sfr,halo_mass,vel_disp
79038,33,0.026880773,0.0015244178,4.295222,8.119158,134.93813,182.73543
