subhalo_id,snapshot,bh_mass,bh_acc,stellar_mass,sfr,halo_mass,vel_disp
287815,33,0.0001414624,0.0010157321,0.2267954,5.7246017,16.407354,93.85303
