subhalo_id,snapshot,bh_mass,bh_acc,stellar_mass,sfr,halo_mass,vel_disp
190119,33,0.0012662753,0.004043179,0.51548314,10.521006,25.605312,108.079575
