subhalo_id,snapshot,bh_mass,bh_acc,stellar_mass,sfr,halo_mass,vel_disp
152977,33,0.00011034534,1.7390528e-05,0.053813264,0.93619514,7.132197,69.17723
