subhalo_id,snapshot,bh_mass,bh_acc,stellar_mass,sfr,halo_mass,vel_disp
273372,33,0.00010465892,6.708788e-05,0.072069846,1.788096,9.909092,74.25385
