subhalo_id,snapshot,bh_mass,bh_acc,stellar_mass,sfr,halo_mass,vel_disp
312293,33,0.00013528139,0.0003725805,0.13605681,3.2854986,12.524698,83.5974
