subhalo_id,snapshot,bh_mass,bh_acc,stellar_mass,sfr,halo_mass,vel_disp
256463,33,0.00010417521,7.554109e-05,0.07392251,1.7706709,9.689436,74.65677
