subhalo_id,snapshot,bh_mass,bh_acc,stellar_mass,sfr,halo_mass,vel_disp
303333,33,7.501626e-05,0.00027600495,0.114979625,2.8691168,11.487664,81.59825
