subhalo_id,snapshot,bh_mass,bh_acc,stellar_mass,sfr,halo_mass,vel_disp
145747,33,0.00015043249,0.00026041764,0.109667525,2.181066,9.675727,78.41948
