subhalo_id,snapshot,bh_mass,bh_acc,stellar_mass,sfr,halo_mass,vel_disp
341012,33,8.24132e-05,0.00010507315,0.08220751,1.8970737,9.566418,76.43333
