subhalo_id,snapshot,bh_mass,bh_acc,stellar_mass,sfr,halo_mass,vel_disp
81097,33,0.0029924,0.0044499435,0.64771783,7.4954743,18.727985,100.223694
