subhalo_id,snapshot,bh_mass,bh_acc,stellar_mass,sfr,halo_mass,vel_disp
133326,33,0.00097074185,0.007263318,0.72941494,18.469627,43.282238,124.391464
