subhalo_id,snapshot,bh_mass,bh_acc,stellar_mass,sfr,halo_mass,vel_disp
309573,33,6.731329e-05,0.00014849851,0.09201174,2.3521118,10.678135,78.873985
