subhalo_id,snapshot,bh_mass,bh_acc,stellar_mass,sfr,halo_mass,vel_disp
326693,33,6.3525105e-05,2.8023554e-05,0.060563967,1.4276077,8.577584,72.870674
