subhalo_id,snapshot,bh_mass,bh_acc,stellar_mass,sfr,halo_mass,vel_disp
234433,33,0.0001380087,0.00079336733,0.1977182,5.1947293,16.141758,91.66647
