subhalo_id,snapshot,bh_mass,bh_acc,stellar_mass,sfr,halo_mass,vel_disp
300346,33,7.141437e-05,0.0002866679,0.11675419,2.8585477,11.303479,81.6723
