subhalo_id,snapshot,bh_mass,bh_acc,stellar_mass,sfr,halo_mass,vel_disp
221012,33,0.0010399879,0.0035413713,0.46415433,9.91768,24.087692,106.64986
