subhalo_id,snapshot,bh_mass,bh_acc,stellar_mass,sfr,halo_mass,vel_disp
377287,33,0.00010709479,1.2107252e-05,0.04255785,0.8231783,6.947479,66.37321
