subhalo_id,snapshot,bh_mass,bh_acc,stellar_mass,sfr,halo_mass,vel_disp
63471,33,6.7757326e-05,3.4284836e-05,0.059683472,1.3848376,8.441844,72.43031
