subhalo_id,snapshot,bh_mass,bh_acc,stellar_mass,sfr,halo_mass,vel_disp
285082,33,0.00016780899,0.00024231162,0.1133028,2.795621,12.370465,79.7962
