subhalo_id,snapshot,bh_mass,bh_acc,stellar_mass,sfr,halo_mass,vel_disp
215961,33,0.0006027458,0.004486592,0.51368797,12.6652975,28.078083,112.88936
