subhalo_id,snapshot,bh_mass,bh_acc,stellar_mass,sfr,halo_mass,vel_disp
314727,33,0.00014095404,0.00011776626,0.08362951,2.0869248,10.886403,75.460045
