subhalo_id,snapshot,bh_mass,bh_acc,stellar_mass,sfr,halo_mass,vel_disp
43641,33,0.037370197,0.002315557,10.608866,26.032146,318.37756,247.3234
