subhalo_id,snapshot,bh_mass,bh_acc,stellar_mass,sfr,halo_mass,vel_disp
118896,33,0.015767887,0.006340901,2.6840856,14.211509,86.547386,154.43823
