subhalo_id,snapshot,bh_mass,bh_acc,stellar_mass,sfr,halo_mass,vel_disp
273882,33,0.00014164805,0.0001528677,0.09747879,2.3842974,11.394394,77.97573
