subhalo_id,snapshot,bh_mass,bh_acc,stellar_mass,sfr,halo_mass,vel_disp
248867,33,0.00011267015,0.0009721304,0.2132138,6.005503,17.772633,94.429054
