subhalo_id,snapshot,bh_mass,bh_acc,stellar_mass,sfr,halo_mass,vel_disp
265563,33,0.00012830866,0.0008790032,0.20240283,5.7225246,17.50194,93.25375
