subhalo_id,snapshot,bh_mass,bh_acc,stellar_mass,sfr,halo_mass,vel_disp
346811,33,0.0001052318,1.262594e-05,0.03991493,0.8324101,6.9774103,65.31067
