subhalo_id,snapshot,bh_mass,bh_acc,stellar_mass,sfr,halo_mass,vel_disp
278460,33,9.904304e-05,0.00022765296,0.10457552,2.585156,11.161217,79.75178
