subhalo_id,snapshot,bh_mass,bh_acc,stellar_mass,sfr,halo_mass,vel_disp
190344,33,0.00016943293,0.00035151409,0.13121958,2.7126946,10.859121,81.453606
