subhalo_id,snapshot,bh_mass,bh_acc,stellar_mass,sfr,halo_mass,vel_disp
206402,33,9.5243624e-05,0.00027071964,0.11661408,2.9126523,11.815056,81.52826
