subhalo_id,snapshot,bh_mass,bh_acc,stellar_mass,sfr,halo_mass,vel_disp
294240,33,0.00014966525,0.00011495396,0.08547516,2.0026479,10.565238,75.35512
