subhalo_id,snapshot,bh_mass,bh_acc,stellar_mass,sfr,halo_mass,vel_disp
258311,33,0.00012106748,0.0003580448,0.1386694,3.6655278,13.796008,85.117226
