subhalo_id,snapshot,bh_mass,bh_acc,stellar_mass,sfr,halo_mass,vel_disp
308693,33,6.518036e-05,2.222386e-05,0.058962636,1.3884946,8.505546,72.49837
