subhalo_id,snapshot,bh_mass,bh_acc,stellar_mass,sfr,halo_mass,vel_disp
251054,33,0.00019226395,0.0016284911,0.2764129,7.538352,20.299538,99.300125
