subhalo_id,snapshot,bh_mass,bh_acc,stellar_mass,sfr,halo_mass,vel_disp
310959,33,0.00014589203,0.00040247286,0.14032014,3.2222316,12.139038,83.58574
