subhalo_id,snapshot,bh_mass,bh_acc,stellar_mass,sfr,halo_mass,vel_disp
301315,33,7.313397e-05,9.016332e-05,0.07889287,2.0681522,10.344154,76.59193
