subhalo_id,snapshot,bh_mass,bh_acc,stellar_mass,sfr,halo_mass,vel_disp
209461,33,0.001392693,0.00642683,0.7052951,14.935166,32.280643,117.2744
