subhalo_id,snapshot,bh_mass,bh_acc,stellar_mass,sfr,halo_mass,vel_disp
340799,33,8.962184e-05,9.282073e-05,0.079413585,1.866789,9.665517,75.909485
