subhalo_id,snapshot,bh_mass,bh_acc,stellar_mass,sfr,halo_mass,vel_disp
206102,33,0.0062304838,0.010763373,1.2775757,15.899987,36.97263,122.60219
