subhalo_id,snapshot,bh_mass,bh_acc,stellar_mass,sfr,halo_mass,vel_disp
184639,33,0.01046399,0.010900431,1.5958368,14.81097,45.135845,132.32596
