subhalo_id,snapshot,bh_mass,bh_acc,stellar_mass,sfr,halo_mass,vel_disp
292450,33,7.7025354e-05,0.0002236052,0.10582572,2.6666994,11.2073,80.57237
