subhalo_id,snapshot,bh_mass,bh_acc,stellar_mass,sfr,halo_mass,vel_disp
246050,33,0.0006662061,0.002725209,0.3986907,9.079325,22.717283,104.18172
