subhalo_id,snapshot,bh_mass,bh_acc,stellar_mass,sfr,halo_mass,vel_disp
17571,33,0.006777631,0.006003695,1.0112324,7.916436,25.686958,109.89122
