subhalo_id,snapshot,bh_mass,bh_acc,stellar_mass,sfr,halo_mass,vel_disp
12509,33,0.0006294582,0.0034599793,0.42698035,9.62742,20.26573,103.37451
