subhalo_id,snapshot,bh_mass,bh_acc,stellar_mass,sfr,halo_mass,vel_disp
90470,33,0.0006990566,0.0014875486,0.2872655,5.2149115,14.688128,92.377014
