subhalo_id,snapshot,bh_mass,bh_acc,stellar_mass,sfr,halo_mass,vel_disp
143846,33,0.0028042027,0.011782959,1.0926338,21.736738,45.157467,129.48036
