subhalo_id,snapshot,bh_mass,bh_acc,stellar_mass,sfr,halo_mass,vel_disp
212740,33,0.0035127709,0.008215517,0.94048285,14.401589,32.236626,116.292656
