subhalo_id,snapshot,bh_mass,bh_acc,stellar_mass,sfr,halo_mass,vel_disp
223419,33,0.00093924126,0.0033028768,0.47035405,9.392727,22.0246,104.000534
