subhalo_id,snapshot,bh_mass,bh_acc,stellar_mass,sfr,halo_mass,vel_disp
304070,33,9.032592e-05,0.000245562,0.10792351,2.5811799,10.885873,79.997215
