subhalo_id,snapshot,bh_mass,bh_acc,stellar_mass,sfr,halo_mass,vel_disp
300505,33,8.1767415e-05,8.4897794e-05,0.076096825,1.870152,9.790472,75.496185
