subhalo_id,snapshot,bh_mass,bh_acc,stellar_mass,sfr,halo_mass,vel_disp
164617,33,0.0012463182,0.005755289,0.641348,13.762754,30.149712,114.73862
