subhalo_id,snapshot,bh_mass,bh_acc,stellar_mass,sfr,halo_mass,vel_disp
241790,33,0.00086251274,0.0022694273,0.37209502,7.5644126,20.23404,100.081
