subhalo_id,snapshot,bh_mass,bh_acc,stellar_mass,sfr,halo_mass,vel_disp
166299,33,0.0016046371,0.009707503,0.9580877,22.168268,50.487522,131.10126
