subhalo_id,snapshot,bh_mass,bh_acc,stellar_mass,sfr,halo_mass,vel_disp
272593,33,0.00014695706,0.0006538681,0.18197331,4.839325,15.875732,90.2345
