subhalo_id,snapshot,bh_mass,bh_acc,stellar_mass,sfr,halo_mass,vel_disp
62055,33,0.0004668995,0.0030018953,0.41588452,9.936775,23.630192,105.28189
