subhalo_id,snapshot,bh_mass,bh_acc,stellar_mass,sfr,halo_mass,vel_disp
291364,33,6.8219524e-05,0.0002860059,0.1163286,2.9554472,11.677955,81.92246
