subhalo_id,snapshot,bh_mass,bh_acc,stellar_mass,sfr,halo_mass,vel_disp
225881,33,7.659322e-05,0.00020470872,0.10130547,2.5364714,10.935248,79.76072
