subhalo_id,snapshot,bh_mass,bh_acc,stellar_mass,sfr,halo_mass,vel_disp
302143,33,9.6962816e-05,0.0003329463,0.12906395,3.2424843,12.388796,83.50395
