subhalo_id,snapshot,bh_mass,bh_acc,stellar_mass,sfr,halo_mass,vel_disp
246582,33,0.00030817016,0.0017340683,0.30625728,7.508931,19.610802,99.56426
