subhalo_id,snapshot,bh_mass,bh_acc,stellar_mass,sfr,halo_mass,vel_disp
128071,33,0.0074636107,0.012330355,1.5010645,17.884192,41.53363,127.84355
