subhalo_id,snapshot,bh_mass,bh_acc,stellar_mass,sfr,halo_mass,vel_disp
193754,33,0.002001177,0.0076371846,0.7962762,15.900295,35.06468,118.61281
