subhalo_id,snapshot,bh_mass,bh_acc,stellar_mass,sfr,halo_mass,vel_disp
268158,33,0.00012789617,0.00048234346,0.1545022,3.8728614,13.643909,86.287796
