subhalo_id,snapshot,bh_mass,bh_acc,stellar_mass,sfr,halo_mass,vel_disp
346643,33,9.3492126e-05,2.2774504e-05,0.054764718,1.1057088,7.670522,70.1879
