subhalo_id,snapshot,bh_mass,bh_acc,stellar_mass,sfr,halo_mass,vel_disp
299487,33,0.000100609905,0.00011123635,0.08229839,1.9118441,9.833402,76.02439
