subhalo_id,snapshot,bh_mass,bh_acc,stellar_mass,sfr,halo_mass,vel_disp
407589,33,5.7087484e-05,0.00011266518,0.0033275485,0.0,0.5722017,35.155914
