subhalo_id,snapshot,bh_mass,bh_acc,stellar_mass,sfr,halo_mass,vel_disp
346948,33,8.665226e-05,2.321438e-06,0.051264018,1.0382239,7.488918,69.73951
