subhalo_id,snapshot,bh_mass,bh_acc,stellar_mass,sfr,halo_mass,vel_disp
111840,33,0.018424388,0.017557353,3.3819861,30.160622,110.34597,172.65274
