subhalo_id,snapshot,bh_mass,bh_acc,stellar_mass,sfr,halo_mass,vel_disp
87966,33,0.0011164196,0.0028199274,0.4325899,7.881921,19.264444,100.19455
