subhalo_id,snapshot,bh_mass,bh_acc,stellar_mass,sfr,halo_mass,vel_disp
107547,33,0.0005032833,0.0011304612,0.24769028,4.440502,13.156361,89.39741
