subhalo_id,snapshot,bh_mass,bh_acc,stellar_mass,sfr,halo_mass,vel_disp
333542,33,8.2218874e-05,4.766893e-05,0.06499992,1.4732527,8.729165,73.11958
