subhalo_id,snapshot,bh_mass,bh_acc,stellar_mass,sfr,halo_mass,vel_disp
201939,33,0.0015440413,0.005068371,0.6188816,11.432879,24.902428,109.441895
