subhalo_id,snapshot,bh_mass,bh_acc,stellar_mass,sfr,halo_mass,vel_disp
279710,33,0.00028421488,0.0015250025,0.28691137,6.793575,17.921265,96.99381
