subhalo_id,snapshot,bh_mass,bh_acc,stellar_mass,sfr,halo_mass,vel_disp
308551,33,7.199313e-05,0.00024549296,0.11093025,2.7940307,11.409348,81.21783
