subhalo_id,snapshot,bh_mass,bh_acc,stellar_mass,sfr,halo_mass,vel_disp
218088,33,0.0001226698,0.00029144814,0.12589572,3.3441863,13.349578,83.10009
