subhalo_id,snapshot,bh_mass,bh_acc,stellar_mass,sfr,halo_mass,vel_disp
305303,33,5.4726435e-05,0.00020386942,0.10204639,2.6653883,11.188302,80.662384
