subhalo_id,snapshot,bh_mass,bh_acc,stellar_mass,sfr,halo_mass,vel_disp
312285,33,8.1648235e-05,0.00017301325,0.09664713,2.369957,10.6274805,79.08417
