subhalo_id,snapshot,bh_mass,bh_acc,stellar_mass,sfr,halo_mass,vel_disp
210032,33,0.0011702068,0.0049623246,0.59674114,12.204434,26.927677,109.94241
