subhalo_id,snapshot,bh_mass,bh_acc,stellar_mass,sfr,halo_mass,vel_disp
231190,33,0.00032915824,0.0016174283,0.29503053,7.1708817,18.971786,99.26365
