subhalo_id,snapshot,bh_mass,bh_acc,stellar_mass,sfr,halo_mass,vel_disp
349599,33,8.833877e-05,2.560264e-05,0.058683217,1.3510469,8.522508,71.74635
