subhalo_id,snapshot,bh_mass,bh_acc,stellar_mass,sfr,halo_mass,vel_disp
207186,33,0.00093270536,0.001550146,0.31907317,5.4756794,16.609722,93.661835
