subhalo_id,snapshot,bh_mass,bh_acc,stellar_mass,sfr,halo_mass,vel_disp
139639,33,0.00777507,0.018666225,1.8466243,30.127474,70.9755,151.25266
