subhalo_id,snapshot,bh_mass,bh_acc,stellar_mass,sfr,halo_mass,vel_disp
153623,33,0.011704944,0.012897316,1.7126222,16.935728,51.47483,139.63223
