subhalo_id,snapshot,bh_mass,bh_acc,stellar_mass,sfr,halo_mass,vel_disp
308943,33,7.0598326e-05,0.00024529832,0.10724689,2.572864,10.702658,80.12321
