subhalo_id,snapshot,bh_mass,bh_acc,stellar_mass,sfr,halo_mass,vel_disp
183555,33,0.0063883457,0.010321018,1.3146033,15.619581,37.77193,121.94858
