subhalo_id,snapshot,bh_mass,bh_acc,stellar_mass,sfr,halo_mass,vel_disp
326856,33,5.900892e-05,4.504237e-05,0.06749836,1.6265032,8.995137,74.538574
