subhalo_id,snapshot,bh_mass,bh_acc,stellar_mass,sfr,halo_mass,vel_disp
293387,33,8.254597e-05,0.00044166387,0.14477831,3.6954226,13.010397,85.87745
