subhalo_id,snapshot,bh_mass,bh_acc,stellar_mass,sfr,halo_mass,vel_disp
89566,33,0.027572695,0.00044866817,5.061825,9.227879,154.60298,184.68945
