subhalo_id,snapshot,bh_mass,bh_acc,stellar_mass,sfr,halo_mass,vel_disp
320214,33,0.00015743243,0.0003771628,0.13757113,3.1614993,12.172098,83.266785
