subhalo_id,snapshot,bh_mass,bh_acc,stellar_mass,sfr,halo_mass,vel_disp
287528,33,6.821519e-05,0.00015572156,0.094780385,2.5070453,11.156226,79.56907
