subhalo_id,snapshot,bh_mass,bh_acc,stellar_mass,sfr,halo_mass,vel_disp
300904,33,8.458653e-05,0.00023983006,0.10969545,2.7670145,11.49912,80.853004
