subhalo_id,snapshot,bh_mass,bh_acc,stellar_mass,sfr,halo_mass,vel_disp
53747,33,0.022664301,0.0010092033,3.867512,9.845087,130.70848,177.69753
