subhalo_id,snapshot,bh_mass,bh_acc,stellar_mass,sfr,halo_mass,vel_disp
265131,33,7.768659e-05,0.0006209093,0.16881987,4.538314,14.576136,89.43997
