subhalo_id,snapshot,bh_mass,bh_acc,stellar_mass,sfr,halo_mass,vel_disp
170113,33,0.0040251124,0.009772089,1.0282857,16.637854,36.935143,124.3743
