subhalo_id,snapshot,bh_mass,bh_acc,stellar_mass,sfr,halo_mass,vel_disp
278255,33,6.353893e-05,7.544202e-05,0.073659666,1.7415152,9.199489,75.29323
