subhalo_id,snapshot,bh_mass,bh_acc,stellar_mass,sfr,halo_mass,vel_disp
181077,33,0.00047198246,0.005282484,0.5550875,14.771895,32.65932,117.67102
