subhalo_id,snapshot,bh_mass,bh_acc,stellar_mass,sfr,halo_mass,vel_disp
364458,33,9.974459e-05,1.9401195e-05,0.05515524,1.2095778,8.128996,70.34643
