subhalo_id,snapshot,bh_mass,bh_acc,stellar_mass,sfr,halo_mass,vel_disp
147061,33,0.000544063,0.00075158547,0.20731334,3.1237593,11.469692,83.74898
