subhalo_id,snapshot,bh_mass,bh_acc,stellar_mass,sfr,halo_mass,vel_disp
22315,33,0.011282773,0.008966826,1.4895589,10.524546,38.45659,124.74075
