subhalo_id,snapshot,bh_mass,bh_acc,stellar_mass,sfr,halo_mass,vel_disp
84525,33,0.000115289586,0.00041747338,0.14301097,3.5326195,12.876315,84.85265
