subhalo_id,snapshot,bh_mass,bh_acc,stellar_mass,sfr,halo_mass,vel_disp
259837,33,0.0001659068,0.001448943,0.27036235,7.0018206,18.534279,98.22575
