subhalo_id,snapshot,bh_mass,bh_acc,stellar_mass,sfr,halo_mass,vel_disp
80157,33,0.00019564311,0.00017496024,0.095097125,1.6289929,8.83002,75.44863
