subhalo_id,snapshot,bh_mass,bh_acc,stellar_mass,sfr,halo_mass,vel_disp
345789,33,8.2168815e-05,1.535617e-05,0.05355689,1.1275657,7.7249064,70.40902
